{
  message: '💻 Database connected successfully 💻',
  level: 'info',
  timestamp: '2025-09-10T15:01:19.973Z'
}
{
  message: '💻 Database connected successfully 💻',
  level: 'info',
  timestamp: '2025-09-10T15:01:59.210Z'
}
{
  message: '💻 Database connected successfully 💻',
  level: 'info',
  timestamp: '2025-09-10T15:02:08.046Z'
}
{
  message: '💻 Database connected successfully 💻',
  level: 'info',
  timestamp: '2025-09-10T15:02:41.618Z'
}
{
  message: 'Retry attempt 1 started for operation ',
  level: 'info',
  timestamp: '2025-09-10T15:02:55.367Z'
}
{
  message: 'Retry attempt 1 started for operation ',
  level: 'info',
  timestamp: '2025-09-10T15:02:56.541Z'
}
{
  message: 'Retry attempt 1 started for operation ',
  level: 'info',
  timestamp: '2025-09-10T15:02:57.370Z'
}
{
  message: 'Retry attempt 1 started for operation ',
  level: 'info',
  timestamp: '2025-09-10T15:02:57.968Z'
}
{
  message: 'Retry attempt 1 started for operation ',
  level: 'info',
  timestamp: '2025-09-10T15:02:58.585Z'
}
{
  message: 'Retry attempt 1 started for operation ',
  level: 'info',
  timestamp: '2025-09-10T15:02:59.860Z'
}
{
  message: '💻 Database connected successfully 💻',
  level: 'info',
  timestamp: '2025-09-10T15:08:57.069Z'
}
{
  message: '💻 Database connected successfully 💻',
  level: 'info',
  timestamp: '2025-09-10T15:09:16.814Z'
}
{
  message: '💻 Database connected successfully 💻',
  level: 'info',
  timestamp: '2025-09-10T15:09:40.061Z'
}
{
  message: '💻 Database connected successfully 💻',
  level: 'info',
  timestamp: '2025-09-10T15:10:36.274Z'
}
{
  message: '💻 Database connected successfully 💻',
  level: 'info',
  timestamp: '2025-09-10T15:12:22.462Z'
}
{
  message: '💻 Database connected successfully 💻',
  level: 'info',
  timestamp: '2025-09-10T15:12:36.425Z'
}
{
  message: '💻 Database connected successfully 💻',
  level: 'info',
  timestamp: '2025-09-10T15:12:54.197Z'
}
{
  message: '💻 Database connected successfully 💻',
  level: 'info',
  timestamp: '2025-09-10T15:13:10.533Z'
}
{
  message: 'Retry attempt 1 started for operation ',
  level: 'info',
  timestamp: '2025-09-10T15:19:08.472Z'
}
{
  message: 'Retry attempt 1 started for operation ',
  level: 'info',
  timestamp: '2025-09-10T15:19:09.180Z'
}
{
  type: 'StripeCardError',
  raw: {
    code: 'card_declined',
    decline_code: 'test_mode_live_card',
    doc_url: 'https://stripe.com/docs/error-codes/card-declined',
    message: 'Your card was declined. Your request used a real card while testing. For a list of valid test cards, visit: https://stripe.com/docs/testing.',
    param: '',
    request_log_url: 'https://dashboard.stripe.com/test/logs/req_n7KYKATjIlmzKr?t=1757517549',
    type: 'card_error',
    headers: {
      server: 'nginx',
      date: 'Wed, 10 Sep 2025 15:19:10 GMT',
      'content-type': 'application/json',
      'content-length': '459',
      connection: 'keep-alive',
      'access-control-allow-credentials': 'true',
      'access-control-allow-methods': 'GET, HEAD, PUT, PATCH, POST, DELETE',
      'access-control-allow-origin': '*',
      'access-control-expose-headers': 'Request-Id, Stripe-Manage-Version, Stripe-Should-Retry, X-Stripe-External-Auth-Required, X-Stripe-Privileged-Session-Required',
      'access-control-max-age': '300',
      'cache-control': 'no-cache, no-store',
      'content-security-policy': "base-uri 'none'; default-src 'none'; form-action 'none'; frame-ancestors 'none'; img-src 'self'; script-src 'self' 'report-sample'; style-src 'self'; worker-src 'none'; upgrade-insecure-requests; report-uri https://q.stripe.com/csp-violation?q=F_-siKAkVjX4QHuFcw4Gbp1tLEnXXJnWqWl_c7DldGvzhIYkx4E27C_HkfWkYwLl5EMDMkMJazyO35k0",
      'idempotency-key': 'attach_pm_b170ce61-8116-4cd7-ad18-5f32925e275d',
      'original-request': 'req_n7KYKATjIlmzKr',
      'request-id': 'req_n7KYKATjIlmzKr',
      'stripe-should-retry': 'false',
      'stripe-version': '2025-06-30.basil',
      vary: 'Origin',
      'x-stripe-priority-routing-enabled': 'true',
      'x-stripe-routing-context-priority-tier': 'api-testmode',
      'x-wc': 'ABGHIJ',
      'strict-transport-security': 'max-age=63072000; includeSubDomains; preload'
    },
    statusCode: 402,
    requestId: 'req_n7KYKATjIlmzKr'
  },
  rawType: 'card_error',
  code: 'card_declined',
  doc_url: 'https://stripe.com/docs/error-codes/card-declined',
  param: '',
  detail: undefined,
  headers: {
    server: 'nginx',
    date: 'Wed, 10 Sep 2025 15:19:10 GMT',
    'content-type': 'application/json',
    'content-length': '459',
    connection: 'keep-alive',
    'access-control-allow-credentials': 'true',
    'access-control-allow-methods': 'GET, HEAD, PUT, PATCH, POST, DELETE',
    'access-control-allow-origin': '*',
    'access-control-expose-headers': 'Request-Id, Stripe-Manage-Version, Stripe-Should-Retry, X-Stripe-External-Auth-Required, X-Stripe-Privileged-Session-Required',
    'access-control-max-age': '300',
    'cache-control': 'no-cache, no-store',
    'content-security-policy': "base-uri 'none'; default-src 'none'; form-action 'none'; frame-ancestors 'none'; img-src 'self'; script-src 'self' 'report-sample'; style-src 'self'; worker-src 'none'; upgrade-insecure-requests; report-uri https://q.stripe.com/csp-violation?q=F_-siKAkVjX4QHuFcw4Gbp1tLEnXXJnWqWl_c7DldGvzhIYkx4E27C_HkfWkYwLl5EMDMkMJazyO35k0",
    'idempotency-key': 'attach_pm_b170ce61-8116-4cd7-ad18-5f32925e275d',
    'original-request': 'req_n7KYKATjIlmzKr',
    'request-id': 'req_n7KYKATjIlmzKr',
    'stripe-should-retry': 'false',
    'stripe-version': '2025-06-30.basil',
    vary: 'Origin',
    'x-stripe-priority-routing-enabled': 'true',
    'x-stripe-routing-context-priority-tier': 'api-testmode',
    'x-wc': 'ABGHIJ',
    'strict-transport-security': 'max-age=63072000; includeSubDomains; preload'
  },
  requestId: 'req_n7KYKATjIlmzKr',
  statusCode: 402,
  userMessage: undefined,
  charge: undefined,
  decline_code: 'test_mode_live_card',
  payment_intent: undefined,
  payment_method: undefined,
  payment_method_type: undefined,
  setup_intent: undefined,
  source: undefined,
  level: 'error',
  message: 'Non-retryable error on attempt 1 Your card was declined. Your request used a real card while testing. For a list of valid test cards, visit: https://stripe.com/docs/testing.',
  stack: 'Error: Your card was declined. Your request used a real card while testing. For a list of valid test cards, visit: https://stripe.com/docs/testing.\n' +
    '    at generateV1Error (/home/imran/choiceidentity/choiceidentity-backend/node_modules/.pnpm/stripe@18.3.0_@types+node@24.1.0/node_modules/stripe/cjs/Error.js:9:20)\n' +
    '    at res.toJSON.then.Error_js_1.StripeAPIError.message (/home/imran/choiceidentity/choiceidentity-backend/node_modules/.pnpm/stripe@18.3.0_@types+node@24.1.0/node_modules/stripe/cjs/RequestSender.js:108:62)\n' +
    '    at processTicksAndRejections (node:internal/process/task_queues:105:5)',
  timestamp: '2025-09-10T15:19:10.120Z'
}
{
  err: StripeCardError: Your card was declined. Your request used a real card while testing. For a list of valid test cards, visit: https://stripe.com/docs/testing.
      at generateV1Error (/home/imran/choiceidentity/choiceidentity-backend/node_modules/.pnpm/stripe@18.3.0_@types+node@24.1.0/node_modules/stripe/cjs/Error.js:9:20)
      at res.toJSON.then.Error_js_1.StripeAPIError.message (/home/imran/choiceidentity/choiceidentity-backend/node_modules/.pnpm/stripe@18.3.0_@types+node@24.1.0/node_modules/stripe/cjs/RequestSender.js:108:62)
      at processTicksAndRejections (node:internal/process/task_queues:105:5) {
    type: 'StripeCardError',
    raw: {
      code: 'card_declined',
      decline_code: 'test_mode_live_card',
      doc_url: 'https://stripe.com/docs/error-codes/card-declined',
      message: 'Your card was declined. Your request used a real card while testing. For a list of valid test cards, visit: https://stripe.com/docs/testing.',
      param: '',
      request_log_url: 'https://dashboard.stripe.com/test/logs/req_n7KYKATjIlmzKr?t=1757517549',
      type: 'card_error',
      headers: {
        server: 'nginx',
        date: 'Wed, 10 Sep 2025 15:19:10 GMT',
        'content-type': 'application/json',
        'content-length': '459',
        connection: 'keep-alive',
        'access-control-allow-credentials': 'true',
        'access-control-allow-methods': 'GET, HEAD, PUT, PATCH, POST, DELETE',
        'access-control-allow-origin': '*',
        'access-control-expose-headers': 'Request-Id, Stripe-Manage-Version, Stripe-Should-Retry, X-Stripe-External-Auth-Required, X-Stripe-Privileged-Session-Required',
        'access-control-max-age': '300',
        'cache-control': 'no-cache, no-store',
        'content-security-policy': "base-uri 'none'; default-src 'none'; form-action 'none'; frame-ancestors 'none'; img-src 'self'; script-src 'self' 'report-sample'; style-src 'self'; worker-src 'none'; upgrade-insecure-requests; report-uri https://q.stripe.com/csp-violation?q=F_-siKAkVjX4QHuFcw4Gbp1tLEnXXJnWqWl_c7DldGvzhIYkx4E27C_HkfWkYwLl5EMDMkMJazyO35k0",
        'idempotency-key': 'attach_pm_b170ce61-8116-4cd7-ad18-5f32925e275d',
        'original-request': 'req_n7KYKATjIlmzKr',
        'request-id': 'req_n7KYKATjIlmzKr',
        'stripe-should-retry': 'false',
        'stripe-version': '2025-06-30.basil',
        vary: 'Origin',
        'x-stripe-priority-routing-enabled': 'true',
        'x-stripe-routing-context-priority-tier': 'api-testmode',
        'x-wc': 'ABGHIJ',
        'strict-transport-security': 'max-age=63072000; includeSubDomains; preload'
      },
      statusCode: 402,
      requestId: 'req_n7KYKATjIlmzKr'
    },
    rawType: 'card_error',
    code: 'card_declined',
    doc_url: 'https://stripe.com/docs/error-codes/card-declined',
    param: '',
    detail: undefined,
    headers: {
      server: 'nginx',
      date: 'Wed, 10 Sep 2025 15:19:10 GMT',
      'content-type': 'application/json',
      'content-length': '459',
      connection: 'keep-alive',
      'access-control-allow-credentials': 'true',
      'access-control-allow-methods': 'GET, HEAD, PUT, PATCH, POST, DELETE',
      'access-control-allow-origin': '*',
      'access-control-expose-headers': 'Request-Id, Stripe-Manage-Version, Stripe-Should-Retry, X-Stripe-External-Auth-Required, X-Stripe-Privileged-Session-Required',
      'access-control-max-age': '300',
      'cache-control': 'no-cache, no-store',
      'content-security-policy': "base-uri 'none'; default-src 'none'; form-action 'none'; frame-ancestors 'none'; img-src 'self'; script-src 'self' 'report-sample'; style-src 'self'; worker-src 'none'; upgrade-insecure-requests; report-uri https://q.stripe.com/csp-violation?q=F_-siKAkVjX4QHuFcw4Gbp1tLEnXXJnWqWl_c7DldGvzhIYkx4E27C_HkfWkYwLl5EMDMkMJazyO35k0",
      'idempotency-key': 'attach_pm_b170ce61-8116-4cd7-ad18-5f32925e275d',
      'original-request': 'req_n7KYKATjIlmzKr',
      'request-id': 'req_n7KYKATjIlmzKr',
      'stripe-should-retry': 'false',
      'stripe-version': '2025-06-30.basil',
      vary: 'Origin',
      'x-stripe-priority-routing-enabled': 'true',
      'x-stripe-routing-context-priority-tier': 'api-testmode',
      'x-wc': 'ABGHIJ',
      'strict-transport-security': 'max-age=63072000; includeSubDomains; preload'
    },
    requestId: 'req_n7KYKATjIlmzKr',
    statusCode: 402,
    userMessage: undefined,
    charge: undefined,
    decline_code: 'test_mode_live_card',
    payment_intent: undefined,
    payment_method: undefined,
    payment_method_type: undefined,
    setup_intent: undefined,
    source: undefined
  },
  customerId: 'cus_T1taQAubJKDRD7',
  paymentMethodId: 'pm_1S5pnb2NDTqGR9XI61qO6yf8',
  level: 'error',
  message: 'Stripe attach and update payment method failed',
  timestamp: '2025-09-10T15:19:10.125Z'
}
{
  message: 'Retry attempt 1 started for operation ',
  level: 'info',
  timestamp: '2025-09-10T15:19:10.317Z'
}
{
  message: 'Deleted customer cus_T1taQAubJKDRD7',
  level: 'info',
  timestamp: '2025-09-10T15:19:10.943Z'
}
{
  message: 'Retry attempt 1 started for operation ',
  level: 'info',
  timestamp: '2025-09-10T15:19:19.890Z'
}
{
  message: 'Retry attempt 1 started for operation ',
  level: 'info',
  timestamp: '2025-09-10T15:19:20.558Z'
}
{
  type: 'StripeCardError',
  raw: {
    code: 'card_declined',
    decline_code: 'test_mode_live_card',
    doc_url: 'https://stripe.com/docs/error-codes/card-declined',
    message: 'Your card was declined. Your request used a real card while testing. For a list of valid test cards, visit: https://stripe.com/docs/testing.',
    param: '',
    request_log_url: 'https://dashboard.stripe.com/test/logs/req_LgA8GzNFBLTm8k?t=1757517561',
    type: 'card_error',
    headers: {
      server: 'nginx',
      date: 'Wed, 10 Sep 2025 15:19:21 GMT',
      'content-type': 'application/json',
      'content-length': '459',
      connection: 'keep-alive',
      'access-control-allow-credentials': 'true',
      'access-control-allow-methods': 'GET, HEAD, PUT, PATCH, POST, DELETE',
      'access-control-allow-origin': '*',
      'access-control-expose-headers': 'Request-Id, Stripe-Manage-Version, Stripe-Should-Retry, X-Stripe-External-Auth-Required, X-Stripe-Privileged-Session-Required',
      'access-control-max-age': '300',
      'cache-control': 'no-cache, no-store',
      'content-security-policy': "base-uri 'none'; default-src 'none'; form-action 'none'; frame-ancestors 'none'; img-src 'self'; script-src 'self' 'report-sample'; style-src 'self'; worker-src 'none'; upgrade-insecure-requests; report-uri https://q.stripe.com/csp-violation?q=F_-siKAkVjX4QHuFcw4Gbp1tLEnXXJnWqWl_c7DldGvzhIYkx4E27C_HkfWkYwLl5EMDMkMJazyO35k0",
      'idempotency-key': 'attach_pm_b43a0806-28d7-4232-9628-288186e4c96b',
      'original-request': 'req_LgA8GzNFBLTm8k',
      'request-id': 'req_LgA8GzNFBLTm8k',
      'stripe-should-retry': 'false',
      'stripe-version': '2025-06-30.basil',
      vary: 'Origin',
      'x-stripe-priority-routing-enabled': 'true',
      'x-stripe-routing-context-priority-tier': 'api-testmode',
      'x-wc': 'ABGHIJ',
      'strict-transport-security': 'max-age=63072000; includeSubDomains; preload'
    },
    statusCode: 402,
    requestId: 'req_LgA8GzNFBLTm8k'
  },
  rawType: 'card_error',
  code: 'card_declined',
  doc_url: 'https://stripe.com/docs/error-codes/card-declined',
  param: '',
  detail: undefined,
  headers: {
    server: 'nginx',
    date: 'Wed, 10 Sep 2025 15:19:21 GMT',
    'content-type': 'application/json',
    'content-length': '459',
    connection: 'keep-alive',
    'access-control-allow-credentials': 'true',
    'access-control-allow-methods': 'GET, HEAD, PUT, PATCH, POST, DELETE',
    'access-control-allow-origin': '*',
    'access-control-expose-headers': 'Request-Id, Stripe-Manage-Version, Stripe-Should-Retry, X-Stripe-External-Auth-Required, X-Stripe-Privileged-Session-Required',
    'access-control-max-age': '300',
    'cache-control': 'no-cache, no-store',
    'content-security-policy': "base-uri 'none'; default-src 'none'; form-action 'none'; frame-ancestors 'none'; img-src 'self'; script-src 'self' 'report-sample'; style-src 'self'; worker-src 'none'; upgrade-insecure-requests; report-uri https://q.stripe.com/csp-violation?q=F_-siKAkVjX4QHuFcw4Gbp1tLEnXXJnWqWl_c7DldGvzhIYkx4E27C_HkfWkYwLl5EMDMkMJazyO35k0",
    'idempotency-key': 'attach_pm_b43a0806-28d7-4232-9628-288186e4c96b',
    'original-request': 'req_LgA8GzNFBLTm8k',
    'request-id': 'req_LgA8GzNFBLTm8k',
    'stripe-should-retry': 'false',
    'stripe-version': '2025-06-30.basil',
    vary: 'Origin',
    'x-stripe-priority-routing-enabled': 'true',
    'x-stripe-routing-context-priority-tier': 'api-testmode',
    'x-wc': 'ABGHIJ',
    'strict-transport-security': 'max-age=63072000; includeSubDomains; preload'
  },
  requestId: 'req_LgA8GzNFBLTm8k',
  statusCode: 402,
  userMessage: undefined,
  charge: undefined,
  decline_code: 'test_mode_live_card',
  payment_intent: undefined,
  payment_method: undefined,
  payment_method_type: undefined,
  setup_intent: undefined,
  source: undefined,
  level: 'error',
  message: 'Non-retryable error on attempt 1 Your card was declined. Your request used a real card while testing. For a list of valid test cards, visit: https://stripe.com/docs/testing.',
  stack: 'Error: Your card was declined. Your request used a real card while testing. For a list of valid test cards, visit: https://stripe.com/docs/testing.\n' +
    '    at generateV1Error (/home/imran/choiceidentity/choiceidentity-backend/node_modules/.pnpm/stripe@18.3.0_@types+node@24.1.0/node_modules/stripe/cjs/Error.js:9:20)\n' +
    '    at res.toJSON.then.Error_js_1.StripeAPIError.message (/home/imran/choiceidentity/choiceidentity-backend/node_modules/.pnpm/stripe@18.3.0_@types+node@24.1.0/node_modules/stripe/cjs/RequestSender.js:108:62)\n' +
    '    at processTicksAndRejections (node:internal/process/task_queues:105:5)',
  timestamp: '2025-09-10T15:19:21.583Z'
}
{
  err: StripeCardError: Your card was declined. Your request used a real card while testing. For a list of valid test cards, visit: https://stripe.com/docs/testing.
      at generateV1Error (/home/imran/choiceidentity/choiceidentity-backend/node_modules/.pnpm/stripe@18.3.0_@types+node@24.1.0/node_modules/stripe/cjs/Error.js:9:20)
      at res.toJSON.then.Error_js_1.StripeAPIError.message (/home/imran/choiceidentity/choiceidentity-backend/node_modules/.pnpm/stripe@18.3.0_@types+node@24.1.0/node_modules/stripe/cjs/RequestSender.js:108:62)
      at processTicksAndRejections (node:internal/process/task_queues:105:5) {
    type: 'StripeCardError',
    raw: {
      code: 'card_declined',
      decline_code: 'test_mode_live_card',
      doc_url: 'https://stripe.com/docs/error-codes/card-declined',
      message: 'Your card was declined. Your request used a real card while testing. For a list of valid test cards, visit: https://stripe.com/docs/testing.',
      param: '',
      request_log_url: 'https://dashboard.stripe.com/test/logs/req_LgA8GzNFBLTm8k?t=1757517561',
      type: 'card_error',
      headers: {
        server: 'nginx',
        date: 'Wed, 10 Sep 2025 15:19:21 GMT',
        'content-type': 'application/json',
        'content-length': '459',
        connection: 'keep-alive',
        'access-control-allow-credentials': 'true',
        'access-control-allow-methods': 'GET, HEAD, PUT, PATCH, POST, DELETE',
        'access-control-allow-origin': '*',
        'access-control-expose-headers': 'Request-Id, Stripe-Manage-Version, Stripe-Should-Retry, X-Stripe-External-Auth-Required, X-Stripe-Privileged-Session-Required',
        'access-control-max-age': '300',
        'cache-control': 'no-cache, no-store',
        'content-security-policy': "base-uri 'none'; default-src 'none'; form-action 'none'; frame-ancestors 'none'; img-src 'self'; script-src 'self' 'report-sample'; style-src 'self'; worker-src 'none'; upgrade-insecure-requests; report-uri https://q.stripe.com/csp-violation?q=F_-siKAkVjX4QHuFcw4Gbp1tLEnXXJnWqWl_c7DldGvzhIYkx4E27C_HkfWkYwLl5EMDMkMJazyO35k0",
        'idempotency-key': 'attach_pm_b43a0806-28d7-4232-9628-288186e4c96b',
        'original-request': 'req_LgA8GzNFBLTm8k',
        'request-id': 'req_LgA8GzNFBLTm8k',
        'stripe-should-retry': 'false',
        'stripe-version': '2025-06-30.basil',
        vary: 'Origin',
        'x-stripe-priority-routing-enabled': 'true',
        'x-stripe-routing-context-priority-tier': 'api-testmode',
        'x-wc': 'ABGHIJ',
        'strict-transport-security': 'max-age=63072000; includeSubDomains; preload'
      },
      statusCode: 402,
      requestId: 'req_LgA8GzNFBLTm8k'
    },
    rawType: 'card_error',
    code: 'card_declined',
    doc_url: 'https://stripe.com/docs/error-codes/card-declined',
    param: '',
    detail: undefined,
    headers: {
      server: 'nginx',
      date: 'Wed, 10 Sep 2025 15:19:21 GMT',
      'content-type': 'application/json',
      'content-length': '459',
      connection: 'keep-alive',
      'access-control-allow-credentials': 'true',
      'access-control-allow-methods': 'GET, HEAD, PUT, PATCH, POST, DELETE',
      'access-control-allow-origin': '*',
      'access-control-expose-headers': 'Request-Id, Stripe-Manage-Version, Stripe-Should-Retry, X-Stripe-External-Auth-Required, X-Stripe-Privileged-Session-Required',
      'access-control-max-age': '300',
      'cache-control': 'no-cache, no-store',
      'content-security-policy': "base-uri 'none'; default-src 'none'; form-action 'none'; frame-ancestors 'none'; img-src 'self'; script-src 'self' 'report-sample'; style-src 'self'; worker-src 'none'; upgrade-insecure-requests; report-uri https://q.stripe.com/csp-violation?q=F_-siKAkVjX4QHuFcw4Gbp1tLEnXXJnWqWl_c7DldGvzhIYkx4E27C_HkfWkYwLl5EMDMkMJazyO35k0",
      'idempotency-key': 'attach_pm_b43a0806-28d7-4232-9628-288186e4c96b',
      'original-request': 'req_LgA8GzNFBLTm8k',
      'request-id': 'req_LgA8GzNFBLTm8k',
      'stripe-should-retry': 'false',
      'stripe-version': '2025-06-30.basil',
      vary: 'Origin',
      'x-stripe-priority-routing-enabled': 'true',
      'x-stripe-routing-context-priority-tier': 'api-testmode',
      'x-wc': 'ABGHIJ',
      'strict-transport-security': 'max-age=63072000; includeSubDomains; preload'
    },
    requestId: 'req_LgA8GzNFBLTm8k',
    statusCode: 402,
    userMessage: undefined,
    charge: undefined,
    decline_code: 'test_mode_live_card',
    payment_intent: undefined,
    payment_method: undefined,
    payment_method_type: undefined,
    setup_intent: undefined,
    source: undefined
  },
  customerId: 'cus_T1tbsJM3DDypZ8',
  paymentMethodId: 'pm_1S5pnn2NDTqGR9XIviyMcP2P',
  level: 'error',
  message: 'Stripe attach and update payment method failed',
  timestamp: '2025-09-10T15:19:21.587Z'
}
{
  message: 'Retry attempt 1 started for operation ',
  level: 'info',
  timestamp: '2025-09-10T15:19:21.784Z'
}
{
  message: 'Deleted customer cus_T1tbsJM3DDypZ8',
  level: 'info',
  timestamp: '2025-09-10T15:19:22.605Z'
}
{
  message: '💻 Database connected successfully 💻',
  level: 'info',
  timestamp: '2025-09-10T15:22:47.723Z'
}
{
  message: 'Retry attempt 1 started for operation ',
  level: 'info',
  timestamp: '2025-09-10T15:24:37.559Z'
}
{
  message: 'Retry attempt 1 started for operation ',
  level: 'info',
  timestamp: '2025-09-10T15:24:38.531Z'
}
{
  type: 'StripeCardError',
  raw: {
    code: 'card_declined',
    decline_code: 'test_mode_live_card',
    doc_url: 'https://stripe.com/docs/error-codes/card-declined',
    message: 'Your card was declined. Your request used a real card while testing. For a list of valid test cards, visit: https://stripe.com/docs/testing.',
    param: '',
    request_log_url: 'https://dashboard.stripe.com/test/logs/req_OrA93cZGRwc4V3?t=1757517878',
    type: 'card_error',
    headers: {
      server: 'nginx',
      date: 'Wed, 10 Sep 2025 15:24:39 GMT',
      'content-type': 'application/json',
      'content-length': '459',
      connection: 'keep-alive',
      'access-control-allow-credentials': 'true',
      'access-control-allow-methods': 'GET, HEAD, PUT, PATCH, POST, DELETE',
      'access-control-allow-origin': '*',
      'access-control-expose-headers': 'Request-Id, Stripe-Manage-Version, Stripe-Should-Retry, X-Stripe-External-Auth-Required, X-Stripe-Privileged-Session-Required',
      'access-control-max-age': '300',
      'cache-control': 'no-cache, no-store',
      'content-security-policy': "base-uri 'none'; default-src 'none'; form-action 'none'; frame-ancestors 'none'; img-src 'self'; script-src 'self' 'report-sample'; style-src 'self'; worker-src 'none'; upgrade-insecure-requests; report-uri https://q.stripe.com/csp-violation?q=3txNyrrCZryBeuEGBw3FH2Q40wRG-ZIIEyiYhB-_BpCAyNeWN6HLnoUD8S8JFtdn7bcU53za5x-gtXaz",
      'idempotency-key': 'attach_pm_36c24818-704e-4b1a-a516-d4187f074096',
      'original-request': 'req_OrA93cZGRwc4V3',
      'request-id': 'req_OrA93cZGRwc4V3',
      'stripe-should-retry': 'false',
      'stripe-version': '2025-06-30.basil',
      vary: 'Origin',
      'x-stripe-priority-routing-enabled': 'true',
      'x-stripe-routing-context-priority-tier': 'api-testmode',
      'x-wc': 'ABGHIJ',
      'strict-transport-security': 'max-age=63072000; includeSubDomains; preload'
    },
    statusCode: 402,
    requestId: 'req_OrA93cZGRwc4V3'
  },
  rawType: 'card_error',
  code: 'card_declined',
  doc_url: 'https://stripe.com/docs/error-codes/card-declined',
  param: '',
  detail: undefined,
  headers: {
    server: 'nginx',
    date: 'Wed, 10 Sep 2025 15:24:39 GMT',
    'content-type': 'application/json',
    'content-length': '459',
    connection: 'keep-alive',
    'access-control-allow-credentials': 'true',
    'access-control-allow-methods': 'GET, HEAD, PUT, PATCH, POST, DELETE',
    'access-control-allow-origin': '*',
    'access-control-expose-headers': 'Request-Id, Stripe-Manage-Version, Stripe-Should-Retry, X-Stripe-External-Auth-Required, X-Stripe-Privileged-Session-Required',
    'access-control-max-age': '300',
    'cache-control': 'no-cache, no-store',
    'content-security-policy': "base-uri 'none'; default-src 'none'; form-action 'none'; frame-ancestors 'none'; img-src 'self'; script-src 'self' 'report-sample'; style-src 'self'; worker-src 'none'; upgrade-insecure-requests; report-uri https://q.stripe.com/csp-violation?q=3txNyrrCZryBeuEGBw3FH2Q40wRG-ZIIEyiYhB-_BpCAyNeWN6HLnoUD8S8JFtdn7bcU53za5x-gtXaz",
    'idempotency-key': 'attach_pm_36c24818-704e-4b1a-a516-d4187f074096',
    'original-request': 'req_OrA93cZGRwc4V3',
    'request-id': 'req_OrA93cZGRwc4V3',
    'stripe-should-retry': 'false',
    'stripe-version': '2025-06-30.basil',
    vary: 'Origin',
    'x-stripe-priority-routing-enabled': 'true',
    'x-stripe-routing-context-priority-tier': 'api-testmode',
    'x-wc': 'ABGHIJ',
    'strict-transport-security': 'max-age=63072000; includeSubDomains; preload'
  },
  requestId: 'req_OrA93cZGRwc4V3',
  statusCode: 402,
  userMessage: undefined,
  charge: undefined,
  decline_code: 'test_mode_live_card',
  payment_intent: undefined,
  payment_method: undefined,
  payment_method_type: undefined,
  setup_intent: undefined,
  source: undefined,
  level: 'error',
  message: 'Non-retryable error on attempt 1 Your card was declined. Your request used a real card while testing. For a list of valid test cards, visit: https://stripe.com/docs/testing.',
  stack: 'Error: Your card was declined. Your request used a real card while testing. For a list of valid test cards, visit: https://stripe.com/docs/testing.\n' +
    '    at generateV1Error (/home/imran/choiceidentity/choiceidentity-backend/node_modules/.pnpm/stripe@18.3.0_@types+node@24.1.0/node_modules/stripe/cjs/Error.js:9:20)\n' +
    '    at res.toJSON.then.Error_js_1.StripeAPIError.message (/home/imran/choiceidentity/choiceidentity-backend/node_modules/.pnpm/stripe@18.3.0_@types+node@24.1.0/node_modules/stripe/cjs/RequestSender.js:108:62)\n' +
    '    at processTicksAndRejections (node:internal/process/task_queues:105:5)',
  timestamp: '2025-09-10T15:24:39.342Z'
}
{
  err: StripeCardError: Your card was declined. Your request used a real card while testing. For a list of valid test cards, visit: https://stripe.com/docs/testing.
      at generateV1Error (/home/imran/choiceidentity/choiceidentity-backend/node_modules/.pnpm/stripe@18.3.0_@types+node@24.1.0/node_modules/stripe/cjs/Error.js:9:20)
      at res.toJSON.then.Error_js_1.StripeAPIError.message (/home/imran/choiceidentity/choiceidentity-backend/node_modules/.pnpm/stripe@18.3.0_@types+node@24.1.0/node_modules/stripe/cjs/RequestSender.js:108:62)
      at processTicksAndRejections (node:internal/process/task_queues:105:5) {
    type: 'StripeCardError',
    raw: {
      code: 'card_declined',
      decline_code: 'test_mode_live_card',
      doc_url: 'https://stripe.com/docs/error-codes/card-declined',
      message: 'Your card was declined. Your request used a real card while testing. For a list of valid test cards, visit: https://stripe.com/docs/testing.',
      param: '',
      request_log_url: 'https://dashboard.stripe.com/test/logs/req_OrA93cZGRwc4V3?t=1757517878',
      type: 'card_error',
      headers: {
        server: 'nginx',
        date: 'Wed, 10 Sep 2025 15:24:39 GMT',
        'content-type': 'application/json',
        'content-length': '459',
        connection: 'keep-alive',
        'access-control-allow-credentials': 'true',
        'access-control-allow-methods': 'GET, HEAD, PUT, PATCH, POST, DELETE',
        'access-control-allow-origin': '*',
        'access-control-expose-headers': 'Request-Id, Stripe-Manage-Version, Stripe-Should-Retry, X-Stripe-External-Auth-Required, X-Stripe-Privileged-Session-Required',
        'access-control-max-age': '300',
        'cache-control': 'no-cache, no-store',
        'content-security-policy': "base-uri 'none'; default-src 'none'; form-action 'none'; frame-ancestors 'none'; img-src 'self'; script-src 'self' 'report-sample'; style-src 'self'; worker-src 'none'; upgrade-insecure-requests; report-uri https://q.stripe.com/csp-violation?q=3txNyrrCZryBeuEGBw3FH2Q40wRG-ZIIEyiYhB-_BpCAyNeWN6HLnoUD8S8JFtdn7bcU53za5x-gtXaz",
        'idempotency-key': 'attach_pm_36c24818-704e-4b1a-a516-d4187f074096',
        'original-request': 'req_OrA93cZGRwc4V3',
        'request-id': 'req_OrA93cZGRwc4V3',
        'stripe-should-retry': 'false',
        'stripe-version': '2025-06-30.basil',
        vary: 'Origin',
        'x-stripe-priority-routing-enabled': 'true',
        'x-stripe-routing-context-priority-tier': 'api-testmode',
        'x-wc': 'ABGHIJ',
        'strict-transport-security': 'max-age=63072000; includeSubDomains; preload'
      },
      statusCode: 402,
      requestId: 'req_OrA93cZGRwc4V3'
    },
    rawType: 'card_error',
    code: 'card_declined',
    doc_url: 'https://stripe.com/docs/error-codes/card-declined',
    param: '',
    detail: undefined,
    headers: {
      server: 'nginx',
      date: 'Wed, 10 Sep 2025 15:24:39 GMT',
      'content-type': 'application/json',
      'content-length': '459',
      connection: 'keep-alive',
      'access-control-allow-credentials': 'true',
      'access-control-allow-methods': 'GET, HEAD, PUT, PATCH, POST, DELETE',
      'access-control-allow-origin': '*',
      'access-control-expose-headers': 'Request-Id, Stripe-Manage-Version, Stripe-Should-Retry, X-Stripe-External-Auth-Required, X-Stripe-Privileged-Session-Required',
      'access-control-max-age': '300',
      'cache-control': 'no-cache, no-store',
      'content-security-policy': "base-uri 'none'; default-src 'none'; form-action 'none'; frame-ancestors 'none'; img-src 'self'; script-src 'self' 'report-sample'; style-src 'self'; worker-src 'none'; upgrade-insecure-requests; report-uri https://q.stripe.com/csp-violation?q=3txNyrrCZryBeuEGBw3FH2Q40wRG-ZIIEyiYhB-_BpCAyNeWN6HLnoUD8S8JFtdn7bcU53za5x-gtXaz",
      'idempotency-key': 'attach_pm_36c24818-704e-4b1a-a516-d4187f074096',
      'original-request': 'req_OrA93cZGRwc4V3',
      'request-id': 'req_OrA93cZGRwc4V3',
      'stripe-should-retry': 'false',
      'stripe-version': '2025-06-30.basil',
      vary: 'Origin',
      'x-stripe-priority-routing-enabled': 'true',
      'x-stripe-routing-context-priority-tier': 'api-testmode',
      'x-wc': 'ABGHIJ',
      'strict-transport-security': 'max-age=63072000; includeSubDomains; preload'
    },
    requestId: 'req_OrA93cZGRwc4V3',
    statusCode: 402,
    userMessage: undefined,
    charge: undefined,
    decline_code: 'test_mode_live_card',
    payment_intent: undefined,
    payment_method: undefined,
    payment_method_type: undefined,
    setup_intent: undefined,
    source: undefined
  },
  customerId: 'cus_T1tgq2plquJ1m6',
  paymentMethodId: 'pm_1S5psu2NDTqGR9XIC5RY0rQS',
  level: 'error',
  message: 'Stripe attach and update payment method failed',
  timestamp: '2025-09-10T15:24:39.345Z'
}
{
  message: 'Retry attempt 1 started for operation ',
  level: 'info',
  timestamp: '2025-09-10T15:24:39.441Z'
}
{
  message: 'Deleted customer cus_T1tgq2plquJ1m6',
  level: 'info',
  timestamp: '2025-09-10T15:24:39.959Z'
}
{
  message: 'Retry attempt 1 started for operation ',
  level: 'info',
  timestamp: '2025-09-10T15:31:11.056Z'
}
{
  message: 'Retry attempt 1 started for operation ',
  level: 'info',
  timestamp: '2025-09-10T15:31:11.794Z'
}
{
  type: 'StripeCardError',
  raw: {
    advice_code: 'try_again_later',
    code: 'card_declined',
    decline_code: 'generic_decline',
    doc_url: 'https://stripe.com/docs/error-codes/card-declined',
    message: 'Your card was declined.',
    network_decline_code: '01',
    param: '',
    request_log_url: 'https://dashboard.stripe.com/test/logs/req_6vgL69tEqCyNS5?t=1757518272',
    type: 'card_error',
    headers: {
      server: 'nginx',
      date: 'Wed, 10 Sep 2025 15:31:12 GMT',
      'content-type': 'application/json',
      'content-length': '410',
      connection: 'keep-alive',
      'access-control-allow-credentials': 'true',
      'access-control-allow-methods': 'GET, HEAD, PUT, PATCH, POST, DELETE',
      'access-control-allow-origin': '*',
      'access-control-expose-headers': 'Request-Id, Stripe-Manage-Version, Stripe-Should-Retry, X-Stripe-External-Auth-Required, X-Stripe-Privileged-Session-Required',
      'access-control-max-age': '300',
      'cache-control': 'no-cache, no-store',
      'content-security-policy': "base-uri 'none'; default-src 'none'; form-action 'none'; frame-ancestors 'none'; img-src 'self'; script-src 'self' 'report-sample'; style-src 'self'; worker-src 'none'; upgrade-insecure-requests; report-uri https://q.stripe.com/csp-violation?q=Mg09jpDsyZPZUx_w_YjEETzAScGP280KZEnf5yWynUHdKLTCcQ1Y3DA6h_cnYphC0l5drIF_M3zDLozf",
      'idempotency-key': 'attach_pm_bd125a2f-c3b5-4b71-9dd0-7dc67b6f367b',
      'original-request': 'req_6vgL69tEqCyNS5',
      'request-id': 'req_6vgL69tEqCyNS5',
      'stripe-should-retry': 'false',
      'stripe-version': '2025-06-30.basil',
      vary: 'Origin',
      'x-stripe-priority-routing-enabled': 'true',
      'x-stripe-routing-context-priority-tier': 'api-testmode',
      'x-wc': 'ABGHIJ',
      'strict-transport-security': 'max-age=63072000; includeSubDomains; preload'
    },
    statusCode: 402,
    requestId: 'req_6vgL69tEqCyNS5'
  },
  rawType: 'card_error',
  code: 'card_declined',
  doc_url: 'https://stripe.com/docs/error-codes/card-declined',
  param: '',
  detail: undefined,
  headers: {
    server: 'nginx',
    date: 'Wed, 10 Sep 2025 15:31:12 GMT',
    'content-type': 'application/json',
    'content-length': '410',
    connection: 'keep-alive',
    'access-control-allow-credentials': 'true',
    'access-control-allow-methods': 'GET, HEAD, PUT, PATCH, POST, DELETE',
    'access-control-allow-origin': '*',
    'access-control-expose-headers': 'Request-Id, Stripe-Manage-Version, Stripe-Should-Retry, X-Stripe-External-Auth-Required, X-Stripe-Privileged-Session-Required',
    'access-control-max-age': '300',
    'cache-control': 'no-cache, no-store',
    'content-security-policy': "base-uri 'none'; default-src 'none'; form-action 'none'; frame-ancestors 'none'; img-src 'self'; script-src 'self' 'report-sample'; style-src 'self'; worker-src 'none'; upgrade-insecure-requests; report-uri https://q.stripe.com/csp-violation?q=Mg09jpDsyZPZUx_w_YjEETzAScGP280KZEnf5yWynUHdKLTCcQ1Y3DA6h_cnYphC0l5drIF_M3zDLozf",
    'idempotency-key': 'attach_pm_bd125a2f-c3b5-4b71-9dd0-7dc67b6f367b',
    'original-request': 'req_6vgL69tEqCyNS5',
    'request-id': 'req_6vgL69tEqCyNS5',
    'stripe-should-retry': 'false',
    'stripe-version': '2025-06-30.basil',
    vary: 'Origin',
    'x-stripe-priority-routing-enabled': 'true',
    'x-stripe-routing-context-priority-tier': 'api-testmode',
    'x-wc': 'ABGHIJ',
    'strict-transport-security': 'max-age=63072000; includeSubDomains; preload'
  },
  requestId: 'req_6vgL69tEqCyNS5',
  statusCode: 402,
  userMessage: undefined,
  charge: undefined,
  decline_code: 'generic_decline',
  payment_intent: undefined,
  payment_method: undefined,
  payment_method_type: undefined,
  setup_intent: undefined,
  source: undefined,
  level: 'error',
  message: 'Non-retryable error on attempt 1 Your card was declined.',
  stack: 'Error: Your card was declined.\n' +
    '    at generateV1Error (/home/imran/choiceidentity/choiceidentity-backend/node_modules/.pnpm/stripe@18.3.0_@types+node@24.1.0/node_modules/stripe/cjs/Error.js:9:20)\n' +
    '    at res.toJSON.then.Error_js_1.StripeAPIError.message (/home/imran/choiceidentity/choiceidentity-backend/node_modules/.pnpm/stripe@18.3.0_@types+node@24.1.0/node_modules/stripe/cjs/RequestSender.js:108:62)\n' +
    '    at processTicksAndRejections (node:internal/process/task_queues:105:5)',
  timestamp: '2025-09-10T15:31:12.631Z'
}
{
  err: StripeCardError: Your card was declined.
      at generateV1Error (/home/imran/choiceidentity/choiceidentity-backend/node_modules/.pnpm/stripe@18.3.0_@types+node@24.1.0/node_modules/stripe/cjs/Error.js:9:20)
      at res.toJSON.then.Error_js_1.StripeAPIError.message (/home/imran/choiceidentity/choiceidentity-backend/node_modules/.pnpm/stripe@18.3.0_@types+node@24.1.0/node_modules/stripe/cjs/RequestSender.js:108:62)
      at processTicksAndRejections (node:internal/process/task_queues:105:5) {
    type: 'StripeCardError',
    raw: {
      advice_code: 'try_again_later',
      code: 'card_declined',
      decline_code: 'generic_decline',
      doc_url: 'https://stripe.com/docs/error-codes/card-declined',
      message: 'Your card was declined.',
      network_decline_code: '01',
      param: '',
      request_log_url: 'https://dashboard.stripe.com/test/logs/req_6vgL69tEqCyNS5?t=1757518272',
      type: 'card_error',
      headers: {
        server: 'nginx',
        date: 'Wed, 10 Sep 2025 15:31:12 GMT',
        'content-type': 'application/json',
        'content-length': '410',
        connection: 'keep-alive',
        'access-control-allow-credentials': 'true',
        'access-control-allow-methods': 'GET, HEAD, PUT, PATCH, POST, DELETE',
        'access-control-allow-origin': '*',
        'access-control-expose-headers': 'Request-Id, Stripe-Manage-Version, Stripe-Should-Retry, X-Stripe-External-Auth-Required, X-Stripe-Privileged-Session-Required',
        'access-control-max-age': '300',
        'cache-control': 'no-cache, no-store',
        'content-security-policy': "base-uri 'none'; default-src 'none'; form-action 'none'; frame-ancestors 'none'; img-src 'self'; script-src 'self' 'report-sample'; style-src 'self'; worker-src 'none'; upgrade-insecure-requests; report-uri https://q.stripe.com/csp-violation?q=Mg09jpDsyZPZUx_w_YjEETzAScGP280KZEnf5yWynUHdKLTCcQ1Y3DA6h_cnYphC0l5drIF_M3zDLozf",
        'idempotency-key': 'attach_pm_bd125a2f-c3b5-4b71-9dd0-7dc67b6f367b',
        'original-request': 'req_6vgL69tEqCyNS5',
        'request-id': 'req_6vgL69tEqCyNS5',
        'stripe-should-retry': 'false',
        'stripe-version': '2025-06-30.basil',
        vary: 'Origin',
        'x-stripe-priority-routing-enabled': 'true',
        'x-stripe-routing-context-priority-tier': 'api-testmode',
        'x-wc': 'ABGHIJ',
        'strict-transport-security': 'max-age=63072000; includeSubDomains; preload'
      },
      statusCode: 402,
      requestId: 'req_6vgL69tEqCyNS5'
    },
    rawType: 'card_error',
    code: 'card_declined',
    doc_url: 'https://stripe.com/docs/error-codes/card-declined',
    param: '',
    detail: undefined,
    headers: {
      server: 'nginx',
      date: 'Wed, 10 Sep 2025 15:31:12 GMT',
      'content-type': 'application/json',
      'content-length': '410',
      connection: 'keep-alive',
      'access-control-allow-credentials': 'true',
      'access-control-allow-methods': 'GET, HEAD, PUT, PATCH, POST, DELETE',
      'access-control-allow-origin': '*',
      'access-control-expose-headers': 'Request-Id, Stripe-Manage-Version, Stripe-Should-Retry, X-Stripe-External-Auth-Required, X-Stripe-Privileged-Session-Required',
      'access-control-max-age': '300',
      'cache-control': 'no-cache, no-store',
      'content-security-policy': "base-uri 'none'; default-src 'none'; form-action 'none'; frame-ancestors 'none'; img-src 'self'; script-src 'self' 'report-sample'; style-src 'self'; worker-src 'none'; upgrade-insecure-requests; report-uri https://q.stripe.com/csp-violation?q=Mg09jpDsyZPZUx_w_YjEETzAScGP280KZEnf5yWynUHdKLTCcQ1Y3DA6h_cnYphC0l5drIF_M3zDLozf",
      'idempotency-key': 'attach_pm_bd125a2f-c3b5-4b71-9dd0-7dc67b6f367b',
      'original-request': 'req_6vgL69tEqCyNS5',
      'request-id': 'req_6vgL69tEqCyNS5',
      'stripe-should-retry': 'false',
      'stripe-version': '2025-06-30.basil',
      vary: 'Origin',
      'x-stripe-priority-routing-enabled': 'true',
      'x-stripe-routing-context-priority-tier': 'api-testmode',
      'x-wc': 'ABGHIJ',
      'strict-transport-security': 'max-age=63072000; includeSubDomains; preload'
    },
    requestId: 'req_6vgL69tEqCyNS5',
    statusCode: 402,
    userMessage: undefined,
    charge: undefined,
    decline_code: 'generic_decline',
    payment_intent: undefined,
    payment_method: undefined,
    payment_method_type: undefined,
    setup_intent: undefined,
    source: undefined
  },
  customerId: 'cus_T1tmb9V6rMiHWB',
  paymentMethodId: 'pm_1S5pzG2NDTqGR9XIp67sX5d1',
  level: 'error',
  message: 'Stripe attach and update payment method failed',
  timestamp: '2025-09-10T15:31:12.632Z'
}
{
  message: 'Retry attempt 1 started for operation ',
  level: 'info',
  timestamp: '2025-09-10T15:31:12.721Z'
}
{
  message: 'Deleted customer cus_T1tmb9V6rMiHWB',
  level: 'info',
  timestamp: '2025-09-10T15:31:13.242Z'
}
{
  message: '💻 Database connected successfully 💻',
  level: 'info',
  timestamp: '2025-09-10T15:32:44.350Z'
}
{
  message: 'Retry attempt 1 started for operation ',
  level: 'info',
  timestamp: '2025-09-10T15:33:13.934Z'
}
{
  message: 'Retry attempt 1 started for operation ',
  level: 'info',
  timestamp: '2025-09-10T15:33:15.059Z'
}
{
  type: 'StripeCardError',
  raw: {
    advice_code: 'try_again_later',
    code: 'card_declined',
    decline_code: 'insufficient_funds',
    doc_url: 'https://stripe.com/docs/error-codes/card-declined',
    message: 'Your card has insufficient funds.',
    network_advice_code: '02',
    network_decline_code: '51',
    param: '',
    request_log_url: 'https://dashboard.stripe.com/test/logs/req_iteQ0TRvB12JHP?t=1757518395',
    type: 'card_error',
    headers: {
      server: 'nginx',
      date: 'Wed, 10 Sep 2025 15:33:15 GMT',
      'content-type': 'application/json',
      'content-length': '456',
      connection: 'keep-alive',
      'access-control-allow-credentials': 'true',
      'access-control-allow-methods': 'GET, HEAD, PUT, PATCH, POST, DELETE',
      'access-control-allow-origin': '*',
      'access-control-expose-headers': 'Request-Id, Stripe-Manage-Version, Stripe-Should-Retry, X-Stripe-External-Auth-Required, X-Stripe-Privileged-Session-Required',
      'access-control-max-age': '300',
      'cache-control': 'no-cache, no-store',
      'content-security-policy': "base-uri 'none'; default-src 'none'; form-action 'none'; frame-ancestors 'none'; img-src 'self'; script-src 'self' 'report-sample'; style-src 'self'; worker-src 'none'; upgrade-insecure-requests; report-uri https://q.stripe.com/csp-violation?q=F_-siKAkVjX4QHuFcw4Gbp1tLEnXXJnWqWl_c7DldGvzhIYkx4E27C_HkfWkYwLl5EMDMkMJazyO35k0",
      'idempotency-key': 'attach_pm_3cd1a0fa-420c-4981-8542-610062fca939',
      'original-request': 'req_iteQ0TRvB12JHP',
      'request-id': 'req_iteQ0TRvB12JHP',
      'stripe-should-retry': 'false',
      'stripe-version': '2025-06-30.basil',
      vary: 'Origin',
      'x-stripe-priority-routing-enabled': 'true',
      'x-stripe-routing-context-priority-tier': 'api-testmode',
      'x-wc': 'ABGHIJ',
      'strict-transport-security': 'max-age=63072000; includeSubDomains; preload'
    },
    statusCode: 402,
    requestId: 'req_iteQ0TRvB12JHP'
  },
  rawType: 'card_error',
  code: 'card_declined',
  doc_url: 'https://stripe.com/docs/error-codes/card-declined',
  param: '',
  detail: undefined,
  headers: {
    server: 'nginx',
    date: 'Wed, 10 Sep 2025 15:33:15 GMT',
    'content-type': 'application/json',
    'content-length': '456',
    connection: 'keep-alive',
    'access-control-allow-credentials': 'true',
    'access-control-allow-methods': 'GET, HEAD, PUT, PATCH, POST, DELETE',
    'access-control-allow-origin': '*',
    'access-control-expose-headers': 'Request-Id, Stripe-Manage-Version, Stripe-Should-Retry, X-Stripe-External-Auth-Required, X-Stripe-Privileged-Session-Required',
    'access-control-max-age': '300',
    'cache-control': 'no-cache, no-store',
    'content-security-policy': "base-uri 'none'; default-src 'none'; form-action 'none'; frame-ancestors 'none'; img-src 'self'; script-src 'self' 'report-sample'; style-src 'self'; worker-src 'none'; upgrade-insecure-requests; report-uri https://q.stripe.com/csp-violation?q=F_-siKAkVjX4QHuFcw4Gbp1tLEnXXJnWqWl_c7DldGvzhIYkx4E27C_HkfWkYwLl5EMDMkMJazyO35k0",
    'idempotency-key': 'attach_pm_3cd1a0fa-420c-4981-8542-610062fca939',
    'original-request': 'req_iteQ0TRvB12JHP',
    'request-id': 'req_iteQ0TRvB12JHP',
    'stripe-should-retry': 'false',
    'stripe-version': '2025-06-30.basil',
    vary: 'Origin',
    'x-stripe-priority-routing-enabled': 'true',
    'x-stripe-routing-context-priority-tier': 'api-testmode',
    'x-wc': 'ABGHIJ',
    'strict-transport-security': 'max-age=63072000; includeSubDomains; preload'
  },
  requestId: 'req_iteQ0TRvB12JHP',
  statusCode: 402,
  userMessage: undefined,
  charge: undefined,
  decline_code: 'insufficient_funds',
  payment_intent: undefined,
  payment_method: undefined,
  payment_method_type: undefined,
  setup_intent: undefined,
  source: undefined,
  level: 'error',
  message: 'Non-retryable error on attempt 1 Your card has insufficient funds.',
  stack: 'Error: Your card has insufficient funds.\n' +
    '    at generateV1Error (/home/imran/choiceidentity/choiceidentity-backend/node_modules/.pnpm/stripe@18.3.0_@types+node@24.1.0/node_modules/stripe/cjs/Error.js:9:20)\n' +
    '    at res.toJSON.then.Error_js_1.StripeAPIError.message (/home/imran/choiceidentity/choiceidentity-backend/node_modules/.pnpm/stripe@18.3.0_@types+node@24.1.0/node_modules/stripe/cjs/RequestSender.js:108:62)\n' +
    '    at processTicksAndRejections (node:internal/process/task_queues:105:5)',
  timestamp: '2025-09-10T15:33:16.078Z'
}
{
  err: StripeCardError: Your card has insufficient funds.
      at generateV1Error (/home/imran/choiceidentity/choiceidentity-backend/node_modules/.pnpm/stripe@18.3.0_@types+node@24.1.0/node_modules/stripe/cjs/Error.js:9:20)
      at res.toJSON.then.Error_js_1.StripeAPIError.message (/home/imran/choiceidentity/choiceidentity-backend/node_modules/.pnpm/stripe@18.3.0_@types+node@24.1.0/node_modules/stripe/cjs/RequestSender.js:108:62)
      at processTicksAndRejections (node:internal/process/task_queues:105:5) {
    type: 'StripeCardError',
    raw: {
      advice_code: 'try_again_later',
      code: 'card_declined',
      decline_code: 'insufficient_funds',
      doc_url: 'https://stripe.com/docs/error-codes/card-declined',
      message: 'Your card has insufficient funds.',
      network_advice_code: '02',
      network_decline_code: '51',
      param: '',
      request_log_url: 'https://dashboard.stripe.com/test/logs/req_iteQ0TRvB12JHP?t=1757518395',
      type: 'card_error',
      headers: {
        server: 'nginx',
        date: 'Wed, 10 Sep 2025 15:33:15 GMT',
        'content-type': 'application/json',
        'content-length': '456',
        connection: 'keep-alive',
        'access-control-allow-credentials': 'true',
        'access-control-allow-methods': 'GET, HEAD, PUT, PATCH, POST, DELETE',
        'access-control-allow-origin': '*',
        'access-control-expose-headers': 'Request-Id, Stripe-Manage-Version, Stripe-Should-Retry, X-Stripe-External-Auth-Required, X-Stripe-Privileged-Session-Required',
        'access-control-max-age': '300',
        'cache-control': 'no-cache, no-store',
        'content-security-policy': "base-uri 'none'; default-src 'none'; form-action 'none'; frame-ancestors 'none'; img-src 'self'; script-src 'self' 'report-sample'; style-src 'self'; worker-src 'none'; upgrade-insecure-requests; report-uri https://q.stripe.com/csp-violation?q=F_-siKAkVjX4QHuFcw4Gbp1tLEnXXJnWqWl_c7DldGvzhIYkx4E27C_HkfWkYwLl5EMDMkMJazyO35k0",
        'idempotency-key': 'attach_pm_3cd1a0fa-420c-4981-8542-610062fca939',
        'original-request': 'req_iteQ0TRvB12JHP',
        'request-id': 'req_iteQ0TRvB12JHP',
        'stripe-should-retry': 'false',
        'stripe-version': '2025-06-30.basil',
        vary: 'Origin',
        'x-stripe-priority-routing-enabled': 'true',
        'x-stripe-routing-context-priority-tier': 'api-testmode',
        'x-wc': 'ABGHIJ',
        'strict-transport-security': 'max-age=63072000; includeSubDomains; preload'
      },
      statusCode: 402,
      requestId: 'req_iteQ0TRvB12JHP'
    },
    rawType: 'card_error',
    code: 'card_declined',
    doc_url: 'https://stripe.com/docs/error-codes/card-declined',
    param: '',
    detail: undefined,
    headers: {
      server: 'nginx',
      date: 'Wed, 10 Sep 2025 15:33:15 GMT',
      'content-type': 'application/json',
      'content-length': '456',
      connection: 'keep-alive',
      'access-control-allow-credentials': 'true',
      'access-control-allow-methods': 'GET, HEAD, PUT, PATCH, POST, DELETE',
      'access-control-allow-origin': '*',
      'access-control-expose-headers': 'Request-Id, Stripe-Manage-Version, Stripe-Should-Retry, X-Stripe-External-Auth-Required, X-Stripe-Privileged-Session-Required',
      'access-control-max-age': '300',
      'cache-control': 'no-cache, no-store',
      'content-security-policy': "base-uri 'none'; default-src 'none'; form-action 'none'; frame-ancestors 'none'; img-src 'self'; script-src 'self' 'report-sample'; style-src 'self'; worker-src 'none'; upgrade-insecure-requests; report-uri https://q.stripe.com/csp-violation?q=F_-siKAkVjX4QHuFcw4Gbp1tLEnXXJnWqWl_c7DldGvzhIYkx4E27C_HkfWkYwLl5EMDMkMJazyO35k0",
      'idempotency-key': 'attach_pm_3cd1a0fa-420c-4981-8542-610062fca939',
      'original-request': 'req_iteQ0TRvB12JHP',
      'request-id': 'req_iteQ0TRvB12JHP',
      'stripe-should-retry': 'false',
      'stripe-version': '2025-06-30.basil',
      vary: 'Origin',
      'x-stripe-priority-routing-enabled': 'true',
      'x-stripe-routing-context-priority-tier': 'api-testmode',
      'x-wc': 'ABGHIJ',
      'strict-transport-security': 'max-age=63072000; includeSubDomains; preload'
    },
    requestId: 'req_iteQ0TRvB12JHP',
    statusCode: 402,
    userMessage: undefined,
    charge: undefined,
    decline_code: 'insufficient_funds',
    payment_intent: undefined,
    payment_method: undefined,
    payment_method_type: undefined,
    setup_intent: undefined,
    source: undefined
  },
  customerId: 'cus_T1towvpHnKnIfl',
  paymentMethodId: 'pm_1S5q1E2NDTqGR9XIWZcHyuld',
  level: 'error',
  message: 'Stripe attach and update payment method failed',
  timestamp: '2025-09-10T15:33:16.079Z'
}
{
  message: 'Retry attempt 1 started for operation ',
  level: 'info',
  timestamp: '2025-09-10T15:33:16.186Z'
}
{
  message: 'Deleted customer cus_T1towvpHnKnIfl',
  level: 'info',
  timestamp: '2025-09-10T15:33:16.691Z'
}
{
  message: 'Retry attempt 1 started for operation ',
  level: 'info',
  timestamp: '2025-09-10T15:34:24.675Z'
}
{
  message: 'Retry attempt 1 started for operation ',
  level: 'info',
  timestamp: '2025-09-10T15:34:25.211Z'
}
{
  type: 'StripeCardError',
  raw: {
    advice_code: 'do_not_try_again',
    code: 'card_declined',
    decline_code: 'lost_card',
    doc_url: 'https://stripe.com/docs/error-codes/card-declined',
    message: 'Your card was declined.',
    network_advice_code: '01',
    network_decline_code: '41',
    param: '',
    request_log_url: 'https://dashboard.stripe.com/test/logs/req_uCLETfFA3PxtKp?t=1757518465',
    type: 'card_error',
    headers: {
      server: 'nginx',
      date: 'Wed, 10 Sep 2025 15:34:26 GMT',
      'content-type': 'application/json',
      'content-length': '438',
      connection: 'keep-alive',
      'access-control-allow-credentials': 'true',
      'access-control-allow-methods': 'GET, HEAD, PUT, PATCH, POST, DELETE',
      'access-control-allow-origin': '*',
      'access-control-expose-headers': 'Request-Id, Stripe-Manage-Version, Stripe-Should-Retry, X-Stripe-External-Auth-Required, X-Stripe-Privileged-Session-Required',
      'access-control-max-age': '300',
      'cache-control': 'no-cache, no-store',
      'content-security-policy': "base-uri 'none'; default-src 'none'; form-action 'none'; frame-ancestors 'none'; img-src 'self'; script-src 'self' 'report-sample'; style-src 'self'; worker-src 'none'; upgrade-insecure-requests; report-uri https://q.stripe.com/csp-violation?q=F_-siKAkVjX4QHuFcw4Gbp1tLEnXXJnWqWl_c7DldGvzhIYkx4E27C_HkfWkYwLl5EMDMkMJazyO35k0",
      'idempotency-key': 'attach_pm_cc3f4ef5-31c3-47a4-95bd-9d38c286e87d',
      'original-request': 'req_uCLETfFA3PxtKp',
      'request-id': 'req_uCLETfFA3PxtKp',
      'stripe-should-retry': 'false',
      'stripe-version': '2025-06-30.basil',
      vary: 'Origin',
      'x-stripe-priority-routing-enabled': 'true',
      'x-stripe-routing-context-priority-tier': 'api-testmode',
      'x-wc': 'ABGHIJ',
      'strict-transport-security': 'max-age=63072000; includeSubDomains; preload'
    },
    statusCode: 402,
    requestId: 'req_uCLETfFA3PxtKp'
  },
  rawType: 'card_error',
  code: 'card_declined',
  doc_url: 'https://stripe.com/docs/error-codes/card-declined',
  param: '',
  detail: undefined,
  headers: {
    server: 'nginx',
    date: 'Wed, 10 Sep 2025 15:34:26 GMT',
    'content-type': 'application/json',
    'content-length': '438',
    connection: 'keep-alive',
    'access-control-allow-credentials': 'true',
    'access-control-allow-methods': 'GET, HEAD, PUT, PATCH, POST, DELETE',
    'access-control-allow-origin': '*',
    'access-control-expose-headers': 'Request-Id, Stripe-Manage-Version, Stripe-Should-Retry, X-Stripe-External-Auth-Required, X-Stripe-Privileged-Session-Required',
    'access-control-max-age': '300',
    'cache-control': 'no-cache, no-store',
    'content-security-policy': "base-uri 'none'; default-src 'none'; form-action 'none'; frame-ancestors 'none'; img-src 'self'; script-src 'self' 'report-sample'; style-src 'self'; worker-src 'none'; upgrade-insecure-requests; report-uri https://q.stripe.com/csp-violation?q=F_-siKAkVjX4QHuFcw4Gbp1tLEnXXJnWqWl_c7DldGvzhIYkx4E27C_HkfWkYwLl5EMDMkMJazyO35k0",
    'idempotency-key': 'attach_pm_cc3f4ef5-31c3-47a4-95bd-9d38c286e87d',
    'original-request': 'req_uCLETfFA3PxtKp',
    'request-id': 'req_uCLETfFA3PxtKp',
    'stripe-should-retry': 'false',
    'stripe-version': '2025-06-30.basil',
    vary: 'Origin',
    'x-stripe-priority-routing-enabled': 'true',
    'x-stripe-routing-context-priority-tier': 'api-testmode',
    'x-wc': 'ABGHIJ',
    'strict-transport-security': 'max-age=63072000; includeSubDomains; preload'
  },
  requestId: 'req_uCLETfFA3PxtKp',
  statusCode: 402,
  userMessage: undefined,
  charge: undefined,
  decline_code: 'lost_card',
  payment_intent: undefined,
  payment_method: undefined,
  payment_method_type: undefined,
  setup_intent: undefined,
  source: undefined,
  level: 'error',
  message: 'Non-retryable error on attempt 1 Your card was declined.',
  stack: 'Error: Your card was declined.\n' +
    '    at generateV1Error (/home/imran/choiceidentity/choiceidentity-backend/node_modules/.pnpm/stripe@18.3.0_@types+node@24.1.0/node_modules/stripe/cjs/Error.js:9:20)\n' +
    '    at res.toJSON.then.Error_js_1.StripeAPIError.message (/home/imran/choiceidentity/choiceidentity-backend/node_modules/.pnpm/stripe@18.3.0_@types+node@24.1.0/node_modules/stripe/cjs/RequestSender.js:108:62)\n' +
    '    at processTicksAndRejections (node:internal/process/task_queues:105:5)',
  timestamp: '2025-09-10T15:34:26.119Z'
}
{
  err: StripeCardError: Your card was declined.
      at generateV1Error (/home/imran/choiceidentity/choiceidentity-backend/node_modules/.pnpm/stripe@18.3.0_@types+node@24.1.0/node_modules/stripe/cjs/Error.js:9:20)
      at res.toJSON.then.Error_js_1.StripeAPIError.message (/home/imran/choiceidentity/choiceidentity-backend/node_modules/.pnpm/stripe@18.3.0_@types+node@24.1.0/node_modules/stripe/cjs/RequestSender.js:108:62)
      at processTicksAndRejections (node:internal/process/task_queues:105:5) {
    type: 'StripeCardError',
    raw: {
      advice_code: 'do_not_try_again',
      code: 'card_declined',
      decline_code: 'lost_card',
      doc_url: 'https://stripe.com/docs/error-codes/card-declined',
      message: 'Your card was declined.',
      network_advice_code: '01',
      network_decline_code: '41',
      param: '',
      request_log_url: 'https://dashboard.stripe.com/test/logs/req_uCLETfFA3PxtKp?t=1757518465',
      type: 'card_error',
      headers: {
        server: 'nginx',
        date: 'Wed, 10 Sep 2025 15:34:26 GMT',
        'content-type': 'application/json',
        'content-length': '438',
        connection: 'keep-alive',
        'access-control-allow-credentials': 'true',
        'access-control-allow-methods': 'GET, HEAD, PUT, PATCH, POST, DELETE',
        'access-control-allow-origin': '*',
        'access-control-expose-headers': 'Request-Id, Stripe-Manage-Version, Stripe-Should-Retry, X-Stripe-External-Auth-Required, X-Stripe-Privileged-Session-Required',
        'access-control-max-age': '300',
        'cache-control': 'no-cache, no-store',
        'content-security-policy': "base-uri 'none'; default-src 'none'; form-action 'none'; frame-ancestors 'none'; img-src 'self'; script-src 'self' 'report-sample'; style-src 'self'; worker-src 'none'; upgrade-insecure-requests; report-uri https://q.stripe.com/csp-violation?q=F_-siKAkVjX4QHuFcw4Gbp1tLEnXXJnWqWl_c7DldGvzhIYkx4E27C_HkfWkYwLl5EMDMkMJazyO35k0",
        'idempotency-key': 'attach_pm_cc3f4ef5-31c3-47a4-95bd-9d38c286e87d',
        'original-request': 'req_uCLETfFA3PxtKp',
        'request-id': 'req_uCLETfFA3PxtKp',
        'stripe-should-retry': 'false',
        'stripe-version': '2025-06-30.basil',
        vary: 'Origin',
        'x-stripe-priority-routing-enabled': 'true',
        'x-stripe-routing-context-priority-tier': 'api-testmode',
        'x-wc': 'ABGHIJ',
        'strict-transport-security': 'max-age=63072000; includeSubDomains; preload'
      },
      statusCode: 402,
      requestId: 'req_uCLETfFA3PxtKp'
    },
    rawType: 'card_error',
    code: 'card_declined',
    doc_url: 'https://stripe.com/docs/error-codes/card-declined',
    param: '',
    detail: undefined,
    headers: {
      server: 'nginx',
      date: 'Wed, 10 Sep 2025 15:34:26 GMT',
      'content-type': 'application/json',
      'content-length': '438',
      connection: 'keep-alive',
      'access-control-allow-credentials': 'true',
      'access-control-allow-methods': 'GET, HEAD, PUT, PATCH, POST, DELETE',
      'access-control-allow-origin': '*',
      'access-control-expose-headers': 'Request-Id, Stripe-Manage-Version, Stripe-Should-Retry, X-Stripe-External-Auth-Required, X-Stripe-Privileged-Session-Required',
      'access-control-max-age': '300',
      'cache-control': 'no-cache, no-store',
      'content-security-policy': "base-uri 'none'; default-src 'none'; form-action 'none'; frame-ancestors 'none'; img-src 'self'; script-src 'self' 'report-sample'; style-src 'self'; worker-src 'none'; upgrade-insecure-requests; report-uri https://q.stripe.com/csp-violation?q=F_-siKAkVjX4QHuFcw4Gbp1tLEnXXJnWqWl_c7DldGvzhIYkx4E27C_HkfWkYwLl5EMDMkMJazyO35k0",
      'idempotency-key': 'attach_pm_cc3f4ef5-31c3-47a4-95bd-9d38c286e87d',
      'original-request': 'req_uCLETfFA3PxtKp',
      'request-id': 'req_uCLETfFA3PxtKp',
      'stripe-should-retry': 'false',
      'stripe-version': '2025-06-30.basil',
      vary: 'Origin',
      'x-stripe-priority-routing-enabled': 'true',
      'x-stripe-routing-context-priority-tier': 'api-testmode',
      'x-wc': 'ABGHIJ',
      'strict-transport-security': 'max-age=63072000; includeSubDomains; preload'
    },
    requestId: 'req_uCLETfFA3PxtKp',
    statusCode: 402,
    userMessage: undefined,
    charge: undefined,
    decline_code: 'lost_card',
    payment_intent: undefined,
    payment_method: undefined,
    payment_method_type: undefined,
    setup_intent: undefined,
    source: undefined
  },
  customerId: 'cus_T1tqctNR8gcyxv',
  paymentMethodId: 'pm_1S5q2O2NDTqGR9XIjkMa8jmG',
  level: 'error',
  message: 'Stripe attach and update payment method failed',
  timestamp: '2025-09-10T15:34:26.119Z'
}
{
  message: 'Retry attempt 1 started for operation ',
  level: 'info',
  timestamp: '2025-09-10T15:34:26.215Z'
}
{
  message: 'Deleted customer cus_T1tqctNR8gcyxv',
  level: 'info',
  timestamp: '2025-09-10T15:34:26.937Z'
}
{
  message: 'Retry attempt 1 started for operation ',
  level: 'info',
  timestamp: '2025-09-10T15:35:00.742Z'
}
{
  message: 'Retry attempt 1 started for operation ',
  level: 'info',
  timestamp: '2025-09-10T15:35:01.343Z'
}
{
  type: 'StripeCardError',
  raw: {
    advice_code: 'confirm_card_data',
    code: 'expired_card',
    decline_code: 'expired_card',
    doc_url: 'https://stripe.com/docs/error-codes/expired-card',
    message: 'Your card has expired.',
    network_advice_code: '03',
    network_decline_code: '54',
    param: 'exp_month',
    request_log_url: 'https://dashboard.stripe.com/test/logs/req_Y30kQLN9bh5q7j?t=1757518501',
    type: 'card_error',
    headers: {
      server: 'nginx',
      date: 'Wed, 10 Sep 2025 15:35:02 GMT',
      'content-type': 'application/json',
      'content-length': '448',
      connection: 'keep-alive',
      'access-control-allow-credentials': 'true',
      'access-control-allow-methods': 'GET, HEAD, PUT, PATCH, POST, DELETE',
      'access-control-allow-origin': '*',
      'access-control-expose-headers': 'Request-Id, Stripe-Manage-Version, Stripe-Should-Retry, X-Stripe-External-Auth-Required, X-Stripe-Privileged-Session-Required',
      'access-control-max-age': '300',
      'cache-control': 'no-cache, no-store',
      'content-security-policy': "base-uri 'none'; default-src 'none'; form-action 'none'; frame-ancestors 'none'; img-src 'self'; script-src 'self' 'report-sample'; style-src 'self'; worker-src 'none'; upgrade-insecure-requests; report-uri https://q.stripe.com/csp-violation?q=F_-siKAkVjX4QHuFcw4Gbp1tLEnXXJnWqWl_c7DldGvzhIYkx4E27C_HkfWkYwLl5EMDMkMJazyO35k0",
      'idempotency-key': 'attach_pm_97c2aaef-12a3-4b6f-8788-c121cbfc7b42',
      'original-request': 'req_Y30kQLN9bh5q7j',
      'request-id': 'req_Y30kQLN9bh5q7j',
      'stripe-should-retry': 'false',
      'stripe-version': '2025-06-30.basil',
      vary: 'Origin',
      'x-stripe-priority-routing-enabled': 'true',
      'x-stripe-routing-context-priority-tier': 'api-testmode',
      'x-wc': 'ABGHIJ',
      'strict-transport-security': 'max-age=63072000; includeSubDomains; preload'
    },
    statusCode: 402,
    requestId: 'req_Y30kQLN9bh5q7j'
  },
  rawType: 'card_error',
  code: 'expired_card',
  doc_url: 'https://stripe.com/docs/error-codes/expired-card',
  param: 'exp_month',
  detail: undefined,
  headers: {
    server: 'nginx',
    date: 'Wed, 10 Sep 2025 15:35:02 GMT',
    'content-type': 'application/json',
    'content-length': '448',
    connection: 'keep-alive',
    'access-control-allow-credentials': 'true',
    'access-control-allow-methods': 'GET, HEAD, PUT, PATCH, POST, DELETE',
    'access-control-allow-origin': '*',
    'access-control-expose-headers': 'Request-Id, Stripe-Manage-Version, Stripe-Should-Retry, X-Stripe-External-Auth-Required, X-Stripe-Privileged-Session-Required',
    'access-control-max-age': '300',
    'cache-control': 'no-cache, no-store',
    'content-security-policy': "base-uri 'none'; default-src 'none'; form-action 'none'; frame-ancestors 'none'; img-src 'self'; script-src 'self' 'report-sample'; style-src 'self'; worker-src 'none'; upgrade-insecure-requests; report-uri https://q.stripe.com/csp-violation?q=F_-siKAkVjX4QHuFcw4Gbp1tLEnXXJnWqWl_c7DldGvzhIYkx4E27C_HkfWkYwLl5EMDMkMJazyO35k0",
    'idempotency-key': 'attach_pm_97c2aaef-12a3-4b6f-8788-c121cbfc7b42',
    'original-request': 'req_Y30kQLN9bh5q7j',
    'request-id': 'req_Y30kQLN9bh5q7j',
    'stripe-should-retry': 'false',
    'stripe-version': '2025-06-30.basil',
    vary: 'Origin',
    'x-stripe-priority-routing-enabled': 'true',
    'x-stripe-routing-context-priority-tier': 'api-testmode',
    'x-wc': 'ABGHIJ',
    'strict-transport-security': 'max-age=63072000; includeSubDomains; preload'
  },
  requestId: 'req_Y30kQLN9bh5q7j',
  statusCode: 402,
  userMessage: undefined,
  charge: undefined,
  decline_code: 'expired_card',
  payment_intent: undefined,
  payment_method: undefined,
  payment_method_type: undefined,
  setup_intent: undefined,
  source: undefined,
  level: 'error',
  message: 'Non-retryable error on attempt 1 Your card has expired.',
  stack: 'Error: Your card has expired.\n' +
    '    at generateV1Error (/home/imran/choiceidentity/choiceidentity-backend/node_modules/.pnpm/stripe@18.3.0_@types+node@24.1.0/node_modules/stripe/cjs/Error.js:9:20)\n' +
    '    at res.toJSON.then.Error_js_1.StripeAPIError.message (/home/imran/choiceidentity/choiceidentity-backend/node_modules/.pnpm/stripe@18.3.0_@types+node@24.1.0/node_modules/stripe/cjs/RequestSender.js:108:62)\n' +
    '    at processTicksAndRejections (node:internal/process/task_queues:105:5)',
  timestamp: '2025-09-10T15:35:02.365Z'
}
{
  err: StripeCardError: Your card has expired.
      at generateV1Error (/home/imran/choiceidentity/choiceidentity-backend/node_modules/.pnpm/stripe@18.3.0_@types+node@24.1.0/node_modules/stripe/cjs/Error.js:9:20)
      at res.toJSON.then.Error_js_1.StripeAPIError.message (/home/imran/choiceidentity/choiceidentity-backend/node_modules/.pnpm/stripe@18.3.0_@types+node@24.1.0/node_modules/stripe/cjs/RequestSender.js:108:62)
      at processTicksAndRejections (node:internal/process/task_queues:105:5) {
    type: 'StripeCardError',
    raw: {
      advice_code: 'confirm_card_data',
      code: 'expired_card',
      decline_code: 'expired_card',
      doc_url: 'https://stripe.com/docs/error-codes/expired-card',
      message: 'Your card has expired.',
      network_advice_code: '03',
      network_decline_code: '54',
      param: 'exp_month',
      request_log_url: 'https://dashboard.stripe.com/test/logs/req_Y30kQLN9bh5q7j?t=1757518501',
      type: 'card_error',
      headers: {
        server: 'nginx',
        date: 'Wed, 10 Sep 2025 15:35:02 GMT',
        'content-type': 'application/json',
        'content-length': '448',
        connection: 'keep-alive',
        'access-control-allow-credentials': 'true',
        'access-control-allow-methods': 'GET, HEAD, PUT, PATCH, POST, DELETE',
        'access-control-allow-origin': '*',
        'access-control-expose-headers': 'Request-Id, Stripe-Manage-Version, Stripe-Should-Retry, X-Stripe-External-Auth-Required, X-Stripe-Privileged-Session-Required',
        'access-control-max-age': '300',
        'cache-control': 'no-cache, no-store',
        'content-security-policy': "base-uri 'none'; default-src 'none'; form-action 'none'; frame-ancestors 'none'; img-src 'self'; script-src 'self' 'report-sample'; style-src 'self'; worker-src 'none'; upgrade-insecure-requests; report-uri https://q.stripe.com/csp-violation?q=F_-siKAkVjX4QHuFcw4Gbp1tLEnXXJnWqWl_c7DldGvzhIYkx4E27C_HkfWkYwLl5EMDMkMJazyO35k0",
        'idempotency-key': 'attach_pm_97c2aaef-12a3-4b6f-8788-c121cbfc7b42',
        'original-request': 'req_Y30kQLN9bh5q7j',
        'request-id': 'req_Y30kQLN9bh5q7j',
        'stripe-should-retry': 'false',
        'stripe-version': '2025-06-30.basil',
        vary: 'Origin',
        'x-stripe-priority-routing-enabled': 'true',
        'x-stripe-routing-context-priority-tier': 'api-testmode',
        'x-wc': 'ABGHIJ',
        'strict-transport-security': 'max-age=63072000; includeSubDomains; preload'
      },
      statusCode: 402,
      requestId: 'req_Y30kQLN9bh5q7j'
    },
    rawType: 'card_error',
    code: 'expired_card',
    doc_url: 'https://stripe.com/docs/error-codes/expired-card',
    param: 'exp_month',
    detail: undefined,
    headers: {
      server: 'nginx',
      date: 'Wed, 10 Sep 2025 15:35:02 GMT',
      'content-type': 'application/json',
      'content-length': '448',
      connection: 'keep-alive',
      'access-control-allow-credentials': 'true',
      'access-control-allow-methods': 'GET, HEAD, PUT, PATCH, POST, DELETE',
      'access-control-allow-origin': '*',
      'access-control-expose-headers': 'Request-Id, Stripe-Manage-Version, Stripe-Should-Retry, X-Stripe-External-Auth-Required, X-Stripe-Privileged-Session-Required',
      'access-control-max-age': '300',
      'cache-control': 'no-cache, no-store',
      'content-security-policy': "base-uri 'none'; default-src 'none'; form-action 'none'; frame-ancestors 'none'; img-src 'self'; script-src 'self' 'report-sample'; style-src 'self'; worker-src 'none'; upgrade-insecure-requests; report-uri https://q.stripe.com/csp-violation?q=F_-siKAkVjX4QHuFcw4Gbp1tLEnXXJnWqWl_c7DldGvzhIYkx4E27C_HkfWkYwLl5EMDMkMJazyO35k0",
      'idempotency-key': 'attach_pm_97c2aaef-12a3-4b6f-8788-c121cbfc7b42',
      'original-request': 'req_Y30kQLN9bh5q7j',
      'request-id': 'req_Y30kQLN9bh5q7j',
      'stripe-should-retry': 'false',
      'stripe-version': '2025-06-30.basil',
      vary: 'Origin',
      'x-stripe-priority-routing-enabled': 'true',
      'x-stripe-routing-context-priority-tier': 'api-testmode',
      'x-wc': 'ABGHIJ',
      'strict-transport-security': 'max-age=63072000; includeSubDomains; preload'
    },
    requestId: 'req_Y30kQLN9bh5q7j',
    statusCode: 402,
    userMessage: undefined,
    charge: undefined,
    decline_code: 'expired_card',
    payment_intent: undefined,
    payment_method: undefined,
    payment_method_type: undefined,
    setup_intent: undefined,
    source: undefined
  },
  customerId: 'cus_T1tqrGdGJ089nO',
  paymentMethodId: 'pm_1S5q2x2NDTqGR9XIboX0nCJf',
  level: 'error',
  message: 'Stripe attach and update payment method failed',
  timestamp: '2025-09-10T15:35:02.366Z'
}
{
  message: 'Retry attempt 1 started for operation ',
  level: 'info',
  timestamp: '2025-09-10T15:35:02.460Z'
}
{
  message: 'Deleted customer cus_T1tqrGdGJ089nO',
  level: 'info',
  timestamp: '2025-09-10T15:35:03.185Z'
}
{
  message: 'Retry attempt 1 started for operation ',
  level: 'info',
  timestamp: '2025-09-10T15:35:18.844Z'
}
{
  message: 'Retry attempt 1 started for operation ',
  level: 'info',
  timestamp: '2025-09-10T15:35:19.569Z'
}
{
  type: 'StripeCardError',
  raw: {
    advice_code: 'confirm_card_data',
    code: 'incorrect_cvc',
    decline_code: 'incorrect_cvc',
    doc_url: 'https://stripe.com/docs/error-codes/incorrect-cvc',
    message: "Your card's security code is incorrect.",
    network_advice_code: '03',
    network_decline_code: 'N7',
    param: 'cvc',
    request_log_url: 'https://dashboard.stripe.com/test/logs/req_sHwRHtHfCBpnR6?t=1757518519',
    type: 'card_error',
    headers: {
      server: 'nginx',
      date: 'Wed, 10 Sep 2025 15:35:20 GMT',
      'content-type': 'application/json',
      'content-length': '462',
      connection: 'keep-alive',
      'access-control-allow-credentials': 'true',
      'access-control-allow-methods': 'GET, HEAD, PUT, PATCH, POST, DELETE',
      'access-control-allow-origin': '*',
      'access-control-expose-headers': 'Request-Id, Stripe-Manage-Version, Stripe-Should-Retry, X-Stripe-External-Auth-Required, X-Stripe-Privileged-Session-Required',
      'access-control-max-age': '300',
      'cache-control': 'no-cache, no-store',
      'content-security-policy': "base-uri 'none'; default-src 'none'; form-action 'none'; frame-ancestors 'none'; img-src 'self'; script-src 'self' 'report-sample'; style-src 'self'; worker-src 'none'; upgrade-insecure-requests; report-uri https://q.stripe.com/csp-violation?q=F_-siKAkVjX4QHuFcw4Gbp1tLEnXXJnWqWl_c7DldGvzhIYkx4E27C_HkfWkYwLl5EMDMkMJazyO35k0",
      'idempotency-key': 'attach_pm_75579e7a-0428-4ace-b0e2-ceff719b4a6d',
      'original-request': 'req_sHwRHtHfCBpnR6',
      'request-id': 'req_sHwRHtHfCBpnR6',
      'stripe-should-retry': 'false',
      'stripe-version': '2025-06-30.basil',
      vary: 'Origin',
      'x-stripe-priority-routing-enabled': 'true',
      'x-stripe-routing-context-priority-tier': 'api-testmode',
      'x-wc': 'ABGHIJ',
      'strict-transport-security': 'max-age=63072000; includeSubDomains; preload'
    },
    statusCode: 402,
    requestId: 'req_sHwRHtHfCBpnR6'
  },
  rawType: 'card_error',
  code: 'incorrect_cvc',
  doc_url: 'https://stripe.com/docs/error-codes/incorrect-cvc',
  param: 'cvc',
  detail: undefined,
  headers: {
    server: 'nginx',
    date: 'Wed, 10 Sep 2025 15:35:20 GMT',
    'content-type': 'application/json',
    'content-length': '462',
    connection: 'keep-alive',
    'access-control-allow-credentials': 'true',
    'access-control-allow-methods': 'GET, HEAD, PUT, PATCH, POST, DELETE',
    'access-control-allow-origin': '*',
    'access-control-expose-headers': 'Request-Id, Stripe-Manage-Version, Stripe-Should-Retry, X-Stripe-External-Auth-Required, X-Stripe-Privileged-Session-Required',
    'access-control-max-age': '300',
    'cache-control': 'no-cache, no-store',
    'content-security-policy': "base-uri 'none'; default-src 'none'; form-action 'none'; frame-ancestors 'none'; img-src 'self'; script-src 'self' 'report-sample'; style-src 'self'; worker-src 'none'; upgrade-insecure-requests; report-uri https://q.stripe.com/csp-violation?q=F_-siKAkVjX4QHuFcw4Gbp1tLEnXXJnWqWl_c7DldGvzhIYkx4E27C_HkfWkYwLl5EMDMkMJazyO35k0",
    'idempotency-key': 'attach_pm_75579e7a-0428-4ace-b0e2-ceff719b4a6d',
    'original-request': 'req_sHwRHtHfCBpnR6',
    'request-id': 'req_sHwRHtHfCBpnR6',
    'stripe-should-retry': 'false',
    'stripe-version': '2025-06-30.basil',
    vary: 'Origin',
    'x-stripe-priority-routing-enabled': 'true',
    'x-stripe-routing-context-priority-tier': 'api-testmode',
    'x-wc': 'ABGHIJ',
    'strict-transport-security': 'max-age=63072000; includeSubDomains; preload'
  },
  requestId: 'req_sHwRHtHfCBpnR6',
  statusCode: 402,
  userMessage: undefined,
  charge: undefined,
  decline_code: 'incorrect_cvc',
  payment_intent: undefined,
  payment_method: undefined,
  payment_method_type: undefined,
  setup_intent: undefined,
  source: undefined,
  level: 'error',
  message: "Non-retryable error on attempt 1 Your card's security code is incorrect.",
  stack: "Error: Your card's security code is incorrect.\n" +
    '    at generateV1Error (/home/imran/choiceidentity/choiceidentity-backend/node_modules/.pnpm/stripe@18.3.0_@types+node@24.1.0/node_modules/stripe/cjs/Error.js:9:20)\n' +
    '    at res.toJSON.then.Error_js_1.StripeAPIError.message (/home/imran/choiceidentity/choiceidentity-backend/node_modules/.pnpm/stripe@18.3.0_@types+node@24.1.0/node_modules/stripe/cjs/RequestSender.js:108:62)\n' +
    '    at processTicksAndRejections (node:internal/process/task_queues:105:5)',
  timestamp: '2025-09-10T15:35:20.507Z'
}
{
  err: StripeCardError: Your card's security code is incorrect.
      at generateV1Error (/home/imran/choiceidentity/choiceidentity-backend/node_modules/.pnpm/stripe@18.3.0_@types+node@24.1.0/node_modules/stripe/cjs/Error.js:9:20)
      at res.toJSON.then.Error_js_1.StripeAPIError.message (/home/imran/choiceidentity/choiceidentity-backend/node_modules/.pnpm/stripe@18.3.0_@types+node@24.1.0/node_modules/stripe/cjs/RequestSender.js:108:62)
      at processTicksAndRejections (node:internal/process/task_queues:105:5) {
    type: 'StripeCardError',
    raw: {
      advice_code: 'confirm_card_data',
      code: 'incorrect_cvc',
      decline_code: 'incorrect_cvc',
      doc_url: 'https://stripe.com/docs/error-codes/incorrect-cvc',
      message: "Your card's security code is incorrect.",
      network_advice_code: '03',
      network_decline_code: 'N7',
      param: 'cvc',
      request_log_url: 'https://dashboard.stripe.com/test/logs/req_sHwRHtHfCBpnR6?t=1757518519',
      type: 'card_error',
      headers: {
        server: 'nginx',
        date: 'Wed, 10 Sep 2025 15:35:20 GMT',
        'content-type': 'application/json',
        'content-length': '462',
        connection: 'keep-alive',
        'access-control-allow-credentials': 'true',
        'access-control-allow-methods': 'GET, HEAD, PUT, PATCH, POST, DELETE',
        'access-control-allow-origin': '*',
        'access-control-expose-headers': 'Request-Id, Stripe-Manage-Version, Stripe-Should-Retry, X-Stripe-External-Auth-Required, X-Stripe-Privileged-Session-Required',
        'access-control-max-age': '300',
        'cache-control': 'no-cache, no-store',
        'content-security-policy': "base-uri 'none'; default-src 'none'; form-action 'none'; frame-ancestors 'none'; img-src 'self'; script-src 'self' 'report-sample'; style-src 'self'; worker-src 'none'; upgrade-insecure-requests; report-uri https://q.stripe.com/csp-violation?q=F_-siKAkVjX4QHuFcw4Gbp1tLEnXXJnWqWl_c7DldGvzhIYkx4E27C_HkfWkYwLl5EMDMkMJazyO35k0",
        'idempotency-key': 'attach_pm_75579e7a-0428-4ace-b0e2-ceff719b4a6d',
        'original-request': 'req_sHwRHtHfCBpnR6',
        'request-id': 'req_sHwRHtHfCBpnR6',
        'stripe-should-retry': 'false',
        'stripe-version': '2025-06-30.basil',
        vary: 'Origin',
        'x-stripe-priority-routing-enabled': 'true',
        'x-stripe-routing-context-priority-tier': 'api-testmode',
        'x-wc': 'ABGHIJ',
        'strict-transport-security': 'max-age=63072000; includeSubDomains; preload'
      },
      statusCode: 402,
      requestId: 'req_sHwRHtHfCBpnR6'
    },
    rawType: 'card_error',
    code: 'incorrect_cvc',
    doc_url: 'https://stripe.com/docs/error-codes/incorrect-cvc',
    param: 'cvc',
    detail: undefined,
    headers: {
      server: 'nginx',
      date: 'Wed, 10 Sep 2025 15:35:20 GMT',
      'content-type': 'application/json',
      'content-length': '462',
      connection: 'keep-alive',
      'access-control-allow-credentials': 'true',
      'access-control-allow-methods': 'GET, HEAD, PUT, PATCH, POST, DELETE',
      'access-control-allow-origin': '*',
      'access-control-expose-headers': 'Request-Id, Stripe-Manage-Version, Stripe-Should-Retry, X-Stripe-External-Auth-Required, X-Stripe-Privileged-Session-Required',
      'access-control-max-age': '300',
      'cache-control': 'no-cache, no-store',
      'content-security-policy': "base-uri 'none'; default-src 'none'; form-action 'none'; frame-ancestors 'none'; img-src 'self'; script-src 'self' 'report-sample'; style-src 'self'; worker-src 'none'; upgrade-insecure-requests; report-uri https://q.stripe.com/csp-violation?q=F_-siKAkVjX4QHuFcw4Gbp1tLEnXXJnWqWl_c7DldGvzhIYkx4E27C_HkfWkYwLl5EMDMkMJazyO35k0",
      'idempotency-key': 'attach_pm_75579e7a-0428-4ace-b0e2-ceff719b4a6d',
      'original-request': 'req_sHwRHtHfCBpnR6',
      'request-id': 'req_sHwRHtHfCBpnR6',
      'stripe-should-retry': 'false',
      'stripe-version': '2025-06-30.basil',
      vary: 'Origin',
      'x-stripe-priority-routing-enabled': 'true',
      'x-stripe-routing-context-priority-tier': 'api-testmode',
      'x-wc': 'ABGHIJ',
      'strict-transport-security': 'max-age=63072000; includeSubDomains; preload'
    },
    requestId: 'req_sHwRHtHfCBpnR6',
    statusCode: 402,
    userMessage: undefined,
    charge: undefined,
    decline_code: 'incorrect_cvc',
    payment_intent: undefined,
    payment_method: undefined,
    payment_method_type: undefined,
    setup_intent: undefined,
    source: undefined
  },
  customerId: 'cus_T1tqNvSdyTpJGV',
  paymentMethodId: 'pm_1S5q3G2NDTqGR9XIXKYl9yYP',
  level: 'error',
  message: 'Stripe attach and update payment method failed',
  timestamp: '2025-09-10T15:35:20.508Z'
}
{
  message: 'Retry attempt 1 started for operation ',
  level: 'info',
  timestamp: '2025-09-10T15:35:20.693Z'
}
{
  message: 'Deleted customer cus_T1tqNvSdyTpJGV',
  level: 'info',
  timestamp: '2025-09-10T15:35:21.411Z'
}
{
  message: 'Retry attempt 1 started for operation ',
  level: 'info',
  timestamp: '2025-09-10T15:35:51.037Z'
}
{
  message: 'Retry attempt 1 started for operation ',
  level: 'info',
  timestamp: '2025-09-10T15:35:51.721Z'
}
{
  type: 'StripeCardError',
  raw: {
    advice_code: 'try_again_later',
    code: 'card_declined',
    decline_code: 'card_velocity_exceeded',
    doc_url: 'https://stripe.com/docs/error-codes/card-declined',
    message: 'Your card was declined for making repeated attempts too frequently or exceeding its amount limit.',
    network_advice_code: '02',
    network_decline_code: '61',
    param: '',
    request_log_url: 'https://dashboard.stripe.com/test/logs/req_plbkgNVq0pNXgu?t=1757518552',
    type: 'card_error',
    headers: {
      server: 'nginx',
      date: 'Wed, 10 Sep 2025 15:35:52 GMT',
      'content-type': 'application/json',
      'content-length': '524',
      connection: 'keep-alive',
      'access-control-allow-credentials': 'true',
      'access-control-allow-methods': 'GET, HEAD, PUT, PATCH, POST, DELETE',
      'access-control-allow-origin': '*',
      'access-control-expose-headers': 'Request-Id, Stripe-Manage-Version, Stripe-Should-Retry, X-Stripe-External-Auth-Required, X-Stripe-Privileged-Session-Required',
      'access-control-max-age': '300',
      'cache-control': 'no-cache, no-store',
      'content-security-policy': "base-uri 'none'; default-src 'none'; form-action 'none'; frame-ancestors 'none'; img-src 'self'; script-src 'self' 'report-sample'; style-src 'self'; worker-src 'none'; upgrade-insecure-requests; report-uri https://q.stripe.com/csp-violation?q=F_-siKAkVjX4QHuFcw4Gbp1tLEnXXJnWqWl_c7DldGvzhIYkx4E27C_HkfWkYwLl5EMDMkMJazyO35k0",
      'idempotency-key': 'attach_pm_7e59e0c1-5711-4246-984d-a6325797488b',
      'original-request': 'req_plbkgNVq0pNXgu',
      'request-id': 'req_plbkgNVq0pNXgu',
      'stripe-should-retry': 'false',
      'stripe-version': '2025-06-30.basil',
      vary: 'Origin',
      'x-stripe-priority-routing-enabled': 'true',
      'x-stripe-routing-context-priority-tier': 'api-testmode',
      'x-wc': 'ABGHIJ',
      'strict-transport-security': 'max-age=63072000; includeSubDomains; preload'
    },
    statusCode: 402,
    requestId: 'req_plbkgNVq0pNXgu'
  },
  rawType: 'card_error',
  code: 'card_declined',
  doc_url: 'https://stripe.com/docs/error-codes/card-declined',
  param: '',
  detail: undefined,
  headers: {
    server: 'nginx',
    date: 'Wed, 10 Sep 2025 15:35:52 GMT',
    'content-type': 'application/json',
    'content-length': '524',
    connection: 'keep-alive',
    'access-control-allow-credentials': 'true',
    'access-control-allow-methods': 'GET, HEAD, PUT, PATCH, POST, DELETE',
    'access-control-allow-origin': '*',
    'access-control-expose-headers': 'Request-Id, Stripe-Manage-Version, Stripe-Should-Retry, X-Stripe-External-Auth-Required, X-Stripe-Privileged-Session-Required',
    'access-control-max-age': '300',
    'cache-control': 'no-cache, no-store',
    'content-security-policy': "base-uri 'none'; default-src 'none'; form-action 'none'; frame-ancestors 'none'; img-src 'self'; script-src 'self' 'report-sample'; style-src 'self'; worker-src 'none'; upgrade-insecure-requests; report-uri https://q.stripe.com/csp-violation?q=F_-siKAkVjX4QHuFcw4Gbp1tLEnXXJnWqWl_c7DldGvzhIYkx4E27C_HkfWkYwLl5EMDMkMJazyO35k0",
    'idempotency-key': 'attach_pm_7e59e0c1-5711-4246-984d-a6325797488b',
    'original-request': 'req_plbkgNVq0pNXgu',
    'request-id': 'req_plbkgNVq0pNXgu',
    'stripe-should-retry': 'false',
    'stripe-version': '2025-06-30.basil',
    vary: 'Origin',
    'x-stripe-priority-routing-enabled': 'true',
    'x-stripe-routing-context-priority-tier': 'api-testmode',
    'x-wc': 'ABGHIJ',
    'strict-transport-security': 'max-age=63072000; includeSubDomains; preload'
  },
  requestId: 'req_plbkgNVq0pNXgu',
  statusCode: 402,
  userMessage: undefined,
  charge: undefined,
  decline_code: 'card_velocity_exceeded',
  payment_intent: undefined,
  payment_method: undefined,
  payment_method_type: undefined,
  setup_intent: undefined,
  source: undefined,
  level: 'error',
  message: 'Non-retryable error on attempt 1 Your card was declined for making repeated attempts too frequently or exceeding its amount limit.',
  stack: 'Error: Your card was declined for making repeated attempts too frequently or exceeding its amount limit.\n' +
    '    at generateV1Error (/home/imran/choiceidentity/choiceidentity-backend/node_modules/.pnpm/stripe@18.3.0_@types+node@24.1.0/node_modules/stripe/cjs/Error.js:9:20)\n' +
    '    at res.toJSON.then.Error_js_1.StripeAPIError.message (/home/imran/choiceidentity/choiceidentity-backend/node_modules/.pnpm/stripe@18.3.0_@types+node@24.1.0/node_modules/stripe/cjs/RequestSender.js:108:62)\n' +
    '    at processTicksAndRejections (node:internal/process/task_queues:105:5)',
  timestamp: '2025-09-10T15:35:52.538Z'
}
{
  err: StripeCardError: Your card was declined for making repeated attempts too frequently or exceeding its amount limit.
      at generateV1Error (/home/imran/choiceidentity/choiceidentity-backend/node_modules/.pnpm/stripe@18.3.0_@types+node@24.1.0/node_modules/stripe/cjs/Error.js:9:20)
      at res.toJSON.then.Error_js_1.StripeAPIError.message (/home/imran/choiceidentity/choiceidentity-backend/node_modules/.pnpm/stripe@18.3.0_@types+node@24.1.0/node_modules/stripe/cjs/RequestSender.js:108:62)
      at processTicksAndRejections (node:internal/process/task_queues:105:5) {
    type: 'StripeCardError',
    raw: {
      advice_code: 'try_again_later',
      code: 'card_declined',
      decline_code: 'card_velocity_exceeded',
      doc_url: 'https://stripe.com/docs/error-codes/card-declined',
      message: 'Your card was declined for making repeated attempts too frequently or exceeding its amount limit.',
      network_advice_code: '02',
      network_decline_code: '61',
      param: '',
      request_log_url: 'https://dashboard.stripe.com/test/logs/req_plbkgNVq0pNXgu?t=1757518552',
      type: 'card_error',
      headers: {
        server: 'nginx',
        date: 'Wed, 10 Sep 2025 15:35:52 GMT',
        'content-type': 'application/json',
        'content-length': '524',
        connection: 'keep-alive',
        'access-control-allow-credentials': 'true',
        'access-control-allow-methods': 'GET, HEAD, PUT, PATCH, POST, DELETE',
        'access-control-allow-origin': '*',
        'access-control-expose-headers': 'Request-Id, Stripe-Manage-Version, Stripe-Should-Retry, X-Stripe-External-Auth-Required, X-Stripe-Privileged-Session-Required',
        'access-control-max-age': '300',
        'cache-control': 'no-cache, no-store',
        'content-security-policy': "base-uri 'none'; default-src 'none'; form-action 'none'; frame-ancestors 'none'; img-src 'self'; script-src 'self' 'report-sample'; style-src 'self'; worker-src 'none'; upgrade-insecure-requests; report-uri https://q.stripe.com/csp-violation?q=F_-siKAkVjX4QHuFcw4Gbp1tLEnXXJnWqWl_c7DldGvzhIYkx4E27C_HkfWkYwLl5EMDMkMJazyO35k0",
        'idempotency-key': 'attach_pm_7e59e0c1-5711-4246-984d-a6325797488b',
        'original-request': 'req_plbkgNVq0pNXgu',
        'request-id': 'req_plbkgNVq0pNXgu',
        'stripe-should-retry': 'false',
        'stripe-version': '2025-06-30.basil',
        vary: 'Origin',
        'x-stripe-priority-routing-enabled': 'true',
        'x-stripe-routing-context-priority-tier': 'api-testmode',
        'x-wc': 'ABGHIJ',
        'strict-transport-security': 'max-age=63072000; includeSubDomains; preload'
      },
      statusCode: 402,
      requestId: 'req_plbkgNVq0pNXgu'
    },
    rawType: 'card_error',
    code: 'card_declined',
    doc_url: 'https://stripe.com/docs/error-codes/card-declined',
    param: '',
    detail: undefined,
    headers: {
      server: 'nginx',
      date: 'Wed, 10 Sep 2025 15:35:52 GMT',
      'content-type': 'application/json',
      'content-length': '524',
      connection: 'keep-alive',
      'access-control-allow-credentials': 'true',
      'access-control-allow-methods': 'GET, HEAD, PUT, PATCH, POST, DELETE',
      'access-control-allow-origin': '*',
      'access-control-expose-headers': 'Request-Id, Stripe-Manage-Version, Stripe-Should-Retry, X-Stripe-External-Auth-Required, X-Stripe-Privileged-Session-Required',
      'access-control-max-age': '300',
      'cache-control': 'no-cache, no-store',
      'content-security-policy': "base-uri 'none'; default-src 'none'; form-action 'none'; frame-ancestors 'none'; img-src 'self'; script-src 'self' 'report-sample'; style-src 'self'; worker-src 'none'; upgrade-insecure-requests; report-uri https://q.stripe.com/csp-violation?q=F_-siKAkVjX4QHuFcw4Gbp1tLEnXXJnWqWl_c7DldGvzhIYkx4E27C_HkfWkYwLl5EMDMkMJazyO35k0",
      'idempotency-key': 'attach_pm_7e59e0c1-5711-4246-984d-a6325797488b',
      'original-request': 'req_plbkgNVq0pNXgu',
      'request-id': 'req_plbkgNVq0pNXgu',
      'stripe-should-retry': 'false',
      'stripe-version': '2025-06-30.basil',
      vary: 'Origin',
      'x-stripe-priority-routing-enabled': 'true',
      'x-stripe-routing-context-priority-tier': 'api-testmode',
      'x-wc': 'ABGHIJ',
      'strict-transport-security': 'max-age=63072000; includeSubDomains; preload'
    },
    requestId: 'req_plbkgNVq0pNXgu',
    statusCode: 402,
    userMessage: undefined,
    charge: undefined,
    decline_code: 'card_velocity_exceeded',
    payment_intent: undefined,
    payment_method: undefined,
    payment_method_type: undefined,
    setup_intent: undefined,
    source: undefined
  },
  customerId: 'cus_T1trEPZh63wVmZ',
  paymentMethodId: 'pm_1S5q3m2NDTqGR9XIpKpiWUWA',
  level: 'error',
  message: 'Stripe attach and update payment method failed',
  timestamp: '2025-09-10T15:35:52.539Z'
}
{
  message: 'Retry attempt 1 started for operation ',
  level: 'info',
  timestamp: '2025-09-10T15:35:52.742Z'
}
{
  message: 'Deleted customer cus_T1trEPZh63wVmZ',
  level: 'info',
  timestamp: '2025-09-10T15:35:53.288Z'
}
{
  message: 'Retry attempt 1 started for operation ',
  level: 'info',
  timestamp: '2025-09-10T15:36:39.937Z'
}
{
  message: 'Retry attempt 1 started for operation ',
  level: 'info',
  timestamp: '2025-09-10T15:36:40.662Z'
}
{
  message: 'Retry attempt 1 started for operation ',
  level: 'info',
  timestamp: '2025-09-10T15:36:41.481Z'
}
{
  message: 'Retry attempt 1 started for operation ',
  level: 'info',
  timestamp: '2025-09-10T15:36:42.095Z'
}
{
  message: 'Retry attempt 1 started for operation ',
  level: 'info',
  timestamp: '2025-09-10T15:36:42.915Z'
}
{
  type: 'StripeCardError',
  raw: {
    advice_code: 'try_again_later',
    charge: 'ch_3S5q4d2NDTqGR9XI1hElQ4zM',
    code: 'card_declined',
    decline_code: 'generic_decline',
    doc_url: 'https://stripe.com/docs/error-codes/card-declined',
    message: 'Your card was declined.',
    network_decline_code: '01',
    payment_intent: {
      id: 'pi_3S5q4d2NDTqGR9XI1G1m5Vws',
      object: 'payment_intent',
      amount: 100,
      amount_capturable: 0,
      amount_details: { tip: {} },
      amount_received: 0,
      application: null,
      application_fee_amount: null,
      automatic_payment_methods: { allow_redirects: 'never', enabled: true },
      canceled_at: null,
      cancellation_reason: null,
      capture_method: 'automatic_async',
      client_secret: 'pi_3S5q4d2NDTqGR9XI1G1m5Vws_secret_tjSHFtHd4cN2Mymddvy1m2Ils',
      confirmation_method: 'automatic',
      created: 1757518603,
      currency: 'usd',
      customer: 'cus_T1tsjJJzt6Ae45',
      description: 'Payment for ULTIMATE plan (yearly)',
      excluded_payment_method_types: null,
      last_payment_error: {
        advice_code: 'try_again_later',
        charge: 'ch_3S5q4d2NDTqGR9XI1hElQ4zM',
        code: 'card_declined',
        decline_code: 'generic_decline',
        doc_url: 'https://stripe.com/docs/error-codes/card-declined',
        message: 'Your card was declined.',
        network_decline_code: '01',
        payment_method: {
          id: 'pm_1S5q4Z2NDTqGR9XI0El4yS8r',
          object: 'payment_method',
          allow_redisplay: 'unspecified',
          billing_details: {
            address: {
              city: null,
              country: null,
              line1: null,
              line2: null,
              postal_code: null,
              state: null
            },
            email: null,
            name: null,
            phone: null,
            tax_id: null
          },
          card: {
            brand: 'visa',
            checks: {
              address_line1_check: null,
              address_postal_code_check: null,
              cvc_check: 'pass'
            },
            country: 'US',
            display_brand: 'visa',
            exp_month: 10,
            exp_year: 2029,
            fingerprint: 'OTcoaVhdf3LAP1BU',
            funding: 'credit',
            generated_from: null,
            last4: '0341',
            networks: { available: [ 'visa' ], preferred: null },
            regulated_status: 'unregulated',
            three_d_secure_usage: { supported: true },
            wallet: null
          },
          created: 1757518599,
          customer: 'cus_T1tsjJJzt6Ae45',
          livemode: false,
          metadata: {
            password: 'sabbir123456',
            agreeTerms: 'true',
            agreeAutoRenewal: 'true',
            agreeMarketingEmail: 'true',
            ssn: '333-33-3356',
            confirmPassword: 'sabbir123456',
            dob: '08/05/2000'
          },
          radar_options: {},
          type: 'card'
        },
        type: 'card_error'
      },
      latest_charge: 'ch_3S5q4d2NDTqGR9XI1hElQ4zM',
      livemode: false,
      metadata: {
        password: 'sabbir123456',
        setup_fee: '0',
        base_amount: '100',
        agreeTerms: 'true',
        billing_interval: 'yearly',
        plan_type: 'ULTIMATE',
        agreeAutoRenewal: 'true',
        agreeMarketingEmail: 'true',
        confirmPassword: 'sabbir123456',
        ssn: '333-33-3356',
        dob: '08/05/2000'
      },
      next_action: null,
      on_behalf_of: null,
      payment_method: null,
      payment_method_configuration_details: { id: 'pmc_1RqDBp2NDTqGR9XIIddFWed3', parent: null },
      payment_method_options: {
        card: {
          installments: null,
          mandate_options: null,
          network: null,
          request_three_d_secure: 'automatic'
        },
        link: { persistent_token: null }
      },
      payment_method_types: [ 'card', 'link' ],
      processing: null,
      receipt_email: null,
      review: null,
      setup_future_usage: null,
      shipping: null,
      source: null,
      statement_descriptor: null,
      statement_descriptor_suffix: null,
      status: 'requires_payment_method',
      transfer_data: null,
      transfer_group: null
    },
    payment_method: {
      id: 'pm_1S5q4Z2NDTqGR9XI0El4yS8r',
      object: 'payment_method',
      allow_redisplay: 'unspecified',
      billing_details: {
        address: {
          city: null,
          country: null,
          line1: null,
          line2: null,
          postal_code: null,
          state: null
        },
        email: null,
        name: null,
        phone: null,
        tax_id: null
      },
      card: {
        brand: 'visa',
        checks: {
          address_line1_check: null,
          address_postal_code_check: null,
          cvc_check: 'pass'
        },
        country: 'US',
        display_brand: 'visa',
        exp_month: 10,
        exp_year: 2029,
        fingerprint: 'OTcoaVhdf3LAP1BU',
        funding: 'credit',
        generated_from: null,
        last4: '0341',
        networks: { available: [ 'visa' ], preferred: null },
        regulated_status: 'unregulated',
        three_d_secure_usage: { supported: true },
        wallet: null
      },
      created: 1757518599,
      customer: 'cus_T1tsjJJzt6Ae45',
      livemode: false,
      metadata: {
        password: 'sabbir123456',
        agreeTerms: 'true',
        agreeAutoRenewal: 'true',
        agreeMarketingEmail: 'true',
        ssn: '333-33-3356',
        confirmPassword: 'sabbir123456',
        dob: '08/05/2000'
      },
      radar_options: {},
      type: 'card'
    },
    request_log_url: 'https://dashboard.stripe.com/test/logs/req_J0l6Y6p1vgFBOE?t=1757518603',
    type: 'card_error',
    headers: {
      server: 'nginx',
      date: 'Wed, 10 Sep 2025 15:36:44 GMT',
      'content-type': 'application/json',
      'content-length': '6418',
      connection: 'keep-alive',
      'access-control-allow-credentials': 'true',
      'access-control-allow-methods': 'GET, HEAD, PUT, PATCH, POST, DELETE',
      'access-control-allow-origin': '*',
      'access-control-expose-headers': 'Request-Id, Stripe-Manage-Version, Stripe-Should-Retry, X-Stripe-External-Auth-Required, X-Stripe-Privileged-Session-Required',
      'access-control-max-age': '300',
      'cache-control': 'no-cache, no-store',
      'content-security-policy': "base-uri 'none'; default-src 'none'; form-action 'none'; frame-ancestors 'none'; img-src 'self'; script-src 'self' 'report-sample'; style-src 'self'; worker-src 'none'; upgrade-insecure-requests; report-uri https://q.stripe.com/csp-violation?q=F_-siKAkVjX4QHuFcw4Gbp1tLEnXXJnWqWl_c7DldGvzhIYkx4E27C_HkfWkYwLl5EMDMkMJazyO35k0",
      'idempotency-key': 'payment_intent_83a6c6c7-274b-443c-a7d9-7c27bc29c85d',
      'original-request': 'req_J0l6Y6p1vgFBOE',
      'request-id': 'req_J0l6Y6p1vgFBOE',
      'stripe-should-retry': 'false',
      'stripe-version': '2025-06-30.basil',
      vary: 'Origin',
      'x-stripe-priority-routing-enabled': 'true',
      'x-stripe-routing-context-priority-tier': 'api-testmode',
      'x-wc': 'ABGHIJ',
      'strict-transport-security': 'max-age=63072000; includeSubDomains; preload'
    },
    statusCode: 402,
    requestId: 'req_J0l6Y6p1vgFBOE'
  },
  rawType: 'card_error',
  code: 'card_declined',
  doc_url: 'https://stripe.com/docs/error-codes/card-declined',
  param: undefined,
  detail: undefined,
  headers: {
    server: 'nginx',
    date: 'Wed, 10 Sep 2025 15:36:44 GMT',
    'content-type': 'application/json',
    'content-length': '6418',
    connection: 'keep-alive',
    'access-control-allow-credentials': 'true',
    'access-control-allow-methods': 'GET, HEAD, PUT, PATCH, POST, DELETE',
    'access-control-allow-origin': '*',
    'access-control-expose-headers': 'Request-Id, Stripe-Manage-Version, Stripe-Should-Retry, X-Stripe-External-Auth-Required, X-Stripe-Privileged-Session-Required',
    'access-control-max-age': '300',
    'cache-control': 'no-cache, no-store',
    'content-security-policy': "base-uri 'none'; default-src 'none'; form-action 'none'; frame-ancestors 'none'; img-src 'self'; script-src 'self' 'report-sample'; style-src 'self'; worker-src 'none'; upgrade-insecure-requests; report-uri https://q.stripe.com/csp-violation?q=F_-siKAkVjX4QHuFcw4Gbp1tLEnXXJnWqWl_c7DldGvzhIYkx4E27C_HkfWkYwLl5EMDMkMJazyO35k0",
    'idempotency-key': 'payment_intent_83a6c6c7-274b-443c-a7d9-7c27bc29c85d',
    'original-request': 'req_J0l6Y6p1vgFBOE',
    'request-id': 'req_J0l6Y6p1vgFBOE',
    'stripe-should-retry': 'false',
    'stripe-version': '2025-06-30.basil',
    vary: 'Origin',
    'x-stripe-priority-routing-enabled': 'true',
    'x-stripe-routing-context-priority-tier': 'api-testmode',
    'x-wc': 'ABGHIJ',
    'strict-transport-security': 'max-age=63072000; includeSubDomains; preload'
  },
  requestId: 'req_J0l6Y6p1vgFBOE',
  statusCode: 402,
  userMessage: undefined,
  charge: 'ch_3S5q4d2NDTqGR9XI1hElQ4zM',
  decline_code: 'generic_decline',
  payment_intent: {
    id: 'pi_3S5q4d2NDTqGR9XI1G1m5Vws',
    object: 'payment_intent',
    amount: 100,
    amount_capturable: 0,
    amount_details: { tip: {} },
    amount_received: 0,
    application: null,
    application_fee_amount: null,
    automatic_payment_methods: { allow_redirects: 'never', enabled: true },
    canceled_at: null,
    cancellation_reason: null,
    capture_method: 'automatic_async',
    client_secret: 'pi_3S5q4d2NDTqGR9XI1G1m5Vws_secret_tjSHFtHd4cN2Mymddvy1m2Ils',
    confirmation_method: 'automatic',
    created: 1757518603,
    currency: 'usd',
    customer: 'cus_T1tsjJJzt6Ae45',
    description: 'Payment for ULTIMATE plan (yearly)',
    excluded_payment_method_types: null,
    last_payment_error: {
      advice_code: 'try_again_later',
      charge: 'ch_3S5q4d2NDTqGR9XI1hElQ4zM',
      code: 'card_declined',
      decline_code: 'generic_decline',
      doc_url: 'https://stripe.com/docs/error-codes/card-declined',
      message: 'Your card was declined.',
      network_decline_code: '01',
      payment_method: {
        id: 'pm_1S5q4Z2NDTqGR9XI0El4yS8r',
        object: 'payment_method',
        allow_redisplay: 'unspecified',
        billing_details: {
          address: {
            city: null,
            country: null,
            line1: null,
            line2: null,
            postal_code: null,
            state: null
          },
          email: null,
          name: null,
          phone: null,
          tax_id: null
        },
        card: {
          brand: 'visa',
          checks: {
            address_line1_check: null,
            address_postal_code_check: null,
            cvc_check: 'pass'
          },
          country: 'US',
          display_brand: 'visa',
          exp_month: 10,
          exp_year: 2029,
          fingerprint: 'OTcoaVhdf3LAP1BU',
          funding: 'credit',
          generated_from: null,
          last4: '0341',
          networks: { available: [ 'visa' ], preferred: null },
          regulated_status: 'unregulated',
          three_d_secure_usage: { supported: true },
          wallet: null
        },
        created: 1757518599,
        customer: 'cus_T1tsjJJzt6Ae45',
        livemode: false,
        metadata: {
          password: 'sabbir123456',
          agreeTerms: 'true',
          agreeAutoRenewal: 'true',
          agreeMarketingEmail: 'true',
          ssn: '333-33-3356',
          confirmPassword: 'sabbir123456',
          dob: '08/05/2000'
        },
        radar_options: {},
        type: 'card'
      },
      type: 'card_error'
    },
    latest_charge: 'ch_3S5q4d2NDTqGR9XI1hElQ4zM',
    livemode: false,
    metadata: {
      password: 'sabbir123456',
      setup_fee: '0',
      base_amount: '100',
      agreeTerms: 'true',
      billing_interval: 'yearly',
      plan_type: 'ULTIMATE',
      agreeAutoRenewal: 'true',
      agreeMarketingEmail: 'true',
      confirmPassword: 'sabbir123456',
      ssn: '333-33-3356',
      dob: '08/05/2000'
    },
    next_action: null,
    on_behalf_of: null,
    payment_method: null,
    payment_method_configuration_details: { id: 'pmc_1RqDBp2NDTqGR9XIIddFWed3', parent: null },
    payment_method_options: {
      card: {
        installments: null,
        mandate_options: null,
        network: null,
        request_three_d_secure: 'automatic'
      },
      link: { persistent_token: null }
    },
    payment_method_types: [ 'card', 'link' ],
    processing: null,
    receipt_email: null,
    review: null,
    setup_future_usage: null,
    shipping: null,
    source: null,
    statement_descriptor: null,
    statement_descriptor_suffix: null,
    status: 'requires_payment_method',
    transfer_data: null,
    transfer_group: null
  },
  payment_method: {
    id: 'pm_1S5q4Z2NDTqGR9XI0El4yS8r',
    object: 'payment_method',
    allow_redisplay: 'unspecified',
    billing_details: {
      address: {
        city: null,
        country: null,
        line1: null,
        line2: null,
        postal_code: null,
        state: null
      },
      email: null,
      name: null,
      phone: null,
      tax_id: null
    },
    card: {
      brand: 'visa',
      checks: {
        address_line1_check: null,
        address_postal_code_check: null,
        cvc_check: 'pass'
      },
      country: 'US',
      display_brand: 'visa',
      exp_month: 10,
      exp_year: 2029,
      fingerprint: 'OTcoaVhdf3LAP1BU',
      funding: 'credit',
      generated_from: null,
      last4: '0341',
      networks: { available: [ 'visa' ], preferred: null },
      regulated_status: 'unregulated',
      three_d_secure_usage: { supported: true },
      wallet: null
    },
    created: 1757518599,
    customer: 'cus_T1tsjJJzt6Ae45',
    livemode: false,
    metadata: {
      password: 'sabbir123456',
      agreeTerms: 'true',
      agreeAutoRenewal: 'true',
      agreeMarketingEmail: 'true',
      ssn: '333-33-3356',
      confirmPassword: 'sabbir123456',
      dob: '08/05/2000'
    },
    radar_options: {},
    type: 'card'
  },
  payment_method_type: undefined,
  setup_intent: undefined,
  source: undefined,
  level: 'error',
  message: 'Non-retryable error on attempt 1 Your card was declined.',
  stack: 'Error: Your card was declined.\n' +
    '    at generateV1Error (/home/imran/choiceidentity/choiceidentity-backend/node_modules/.pnpm/stripe@18.3.0_@types+node@24.1.0/node_modules/stripe/cjs/Error.js:9:20)\n' +
    '    at res.toJSON.then.Error_js_1.StripeAPIError.message (/home/imran/choiceidentity/choiceidentity-backend/node_modules/.pnpm/stripe@18.3.0_@types+node@24.1.0/node_modules/stripe/cjs/RequestSender.js:108:62)\n' +
    '    at processTicksAndRejections (node:internal/process/task_queues:105:5)',
  timestamp: '2025-09-10T15:36:44.262Z'
}
{
  err: StripeCardError: Your card was declined.
      at generateV1Error (/home/imran/choiceidentity/choiceidentity-backend/node_modules/.pnpm/stripe@18.3.0_@types+node@24.1.0/node_modules/stripe/cjs/Error.js:9:20)
      at res.toJSON.then.Error_js_1.StripeAPIError.message (/home/imran/choiceidentity/choiceidentity-backend/node_modules/.pnpm/stripe@18.3.0_@types+node@24.1.0/node_modules/stripe/cjs/RequestSender.js:108:62)
      at processTicksAndRejections (node:internal/process/task_queues:105:5) {
    type: 'StripeCardError',
    raw: {
      advice_code: 'try_again_later',
      charge: 'ch_3S5q4d2NDTqGR9XI1hElQ4zM',
      code: 'card_declined',
      decline_code: 'generic_decline',
      doc_url: 'https://stripe.com/docs/error-codes/card-declined',
      message: 'Your card was declined.',
      network_decline_code: '01',
      payment_intent: {
        id: 'pi_3S5q4d2NDTqGR9XI1G1m5Vws',
        object: 'payment_intent',
        amount: 100,
        amount_capturable: 0,
        amount_details: { tip: {} },
        amount_received: 0,
        application: null,
        application_fee_amount: null,
        automatic_payment_methods: { allow_redirects: 'never', enabled: true },
        canceled_at: null,
        cancellation_reason: null,
        capture_method: 'automatic_async',
        client_secret: 'pi_3S5q4d2NDTqGR9XI1G1m5Vws_secret_tjSHFtHd4cN2Mymddvy1m2Ils',
        confirmation_method: 'automatic',
        created: 1757518603,
        currency: 'usd',
        customer: 'cus_T1tsjJJzt6Ae45',
        description: 'Payment for ULTIMATE plan (yearly)',
        excluded_payment_method_types: null,
        last_payment_error: {
          advice_code: 'try_again_later',
          charge: 'ch_3S5q4d2NDTqGR9XI1hElQ4zM',
          code: 'card_declined',
          decline_code: 'generic_decline',
          doc_url: 'https://stripe.com/docs/error-codes/card-declined',
          message: 'Your card was declined.',
          network_decline_code: '01',
          payment_method: {
            id: 'pm_1S5q4Z2NDTqGR9XI0El4yS8r',
            object: 'payment_method',
            allow_redisplay: 'unspecified',
            billing_details: {
              address: {
                city: null,
                country: null,
                line1: null,
                line2: null,
                postal_code: null,
                state: null
              },
              email: null,
              name: null,
              phone: null,
              tax_id: null
            },
            card: {
              brand: 'visa',
              checks: {
                address_line1_check: null,
                address_postal_code_check: null,
                cvc_check: 'pass'
              },
              country: 'US',
              display_brand: 'visa',
              exp_month: 10,
              exp_year: 2029,
              fingerprint: 'OTcoaVhdf3LAP1BU',
              funding: 'credit',
              generated_from: null,
              last4: '0341',
              networks: { available: [ 'visa' ], preferred: null },
              regulated_status: 'unregulated',
              three_d_secure_usage: { supported: true },
              wallet: null
            },
            created: 1757518599,
            customer: 'cus_T1tsjJJzt6Ae45',
            livemode: false,
            metadata: {
              password: 'sabbir123456',
              agreeTerms: 'true',
              agreeAutoRenewal: 'true',
              agreeMarketingEmail: 'true',
              ssn: '333-33-3356',
              confirmPassword: 'sabbir123456',
              dob: '08/05/2000'
            },
            radar_options: {},
            type: 'card'
          },
          type: 'card_error'
        },
        latest_charge: 'ch_3S5q4d2NDTqGR9XI1hElQ4zM',
        livemode: false,
        metadata: {
          password: 'sabbir123456',
          setup_fee: '0',
          base_amount: '100',
          agreeTerms: 'true',
          billing_interval: 'yearly',
          plan_type: 'ULTIMATE',
          agreeAutoRenewal: 'true',
          agreeMarketingEmail: 'true',
          confirmPassword: 'sabbir123456',
          ssn: '333-33-3356',
          dob: '08/05/2000'
        },
        next_action: null,
        on_behalf_of: null,
        payment_method: null,
        payment_method_configuration_details: { id: 'pmc_1RqDBp2NDTqGR9XIIddFWed3', parent: null },
        payment_method_options: {
          card: {
            installments: null,
            mandate_options: null,
            network: null,
            request_three_d_secure: 'automatic'
          },
          link: { persistent_token: null }
        },
        payment_method_types: [ 'card', 'link' ],
        processing: null,
        receipt_email: null,
        review: null,
        setup_future_usage: null,
        shipping: null,
        source: null,
        statement_descriptor: null,
        statement_descriptor_suffix: null,
        status: 'requires_payment_method',
        transfer_data: null,
        transfer_group: null
      },
      payment_method: {
        id: 'pm_1S5q4Z2NDTqGR9XI0El4yS8r',
        object: 'payment_method',
        allow_redisplay: 'unspecified',
        billing_details: {
          address: {
            city: null,
            country: null,
            line1: null,
            line2: null,
            postal_code: null,
            state: null
          },
          email: null,
          name: null,
          phone: null,
          tax_id: null
        },
        card: {
          brand: 'visa',
          checks: {
            address_line1_check: null,
            address_postal_code_check: null,
            cvc_check: 'pass'
          },
          country: 'US',
          display_brand: 'visa',
          exp_month: 10,
          exp_year: 2029,
          fingerprint: 'OTcoaVhdf3LAP1BU',
          funding: 'credit',
          generated_from: null,
          last4: '0341',
          networks: { available: [ 'visa' ], preferred: null },
          regulated_status: 'unregulated',
          three_d_secure_usage: { supported: true },
          wallet: null
        },
        created: 1757518599,
        customer: 'cus_T1tsjJJzt6Ae45',
        livemode: false,
        metadata: {
          password: 'sabbir123456',
          agreeTerms: 'true',
          agreeAutoRenewal: 'true',
          agreeMarketingEmail: 'true',
          ssn: '333-33-3356',
          confirmPassword: 'sabbir123456',
          dob: '08/05/2000'
        },
        radar_options: {},
        type: 'card'
      },
      request_log_url: 'https://dashboard.stripe.com/test/logs/req_J0l6Y6p1vgFBOE?t=1757518603',
      type: 'card_error',
      headers: {
        server: 'nginx',
        date: 'Wed, 10 Sep 2025 15:36:44 GMT',
        'content-type': 'application/json',
        'content-length': '6418',
        connection: 'keep-alive',
        'access-control-allow-credentials': 'true',
        'access-control-allow-methods': 'GET, HEAD, PUT, PATCH, POST, DELETE',
        'access-control-allow-origin': '*',
        'access-control-expose-headers': 'Request-Id, Stripe-Manage-Version, Stripe-Should-Retry, X-Stripe-External-Auth-Required, X-Stripe-Privileged-Session-Required',
        'access-control-max-age': '300',
        'cache-control': 'no-cache, no-store',
        'content-security-policy': "base-uri 'none'; default-src 'none'; form-action 'none'; frame-ancestors 'none'; img-src 'self'; script-src 'self' 'report-sample'; style-src 'self'; worker-src 'none'; upgrade-insecure-requests; report-uri https://q.stripe.com/csp-violation?q=F_-siKAkVjX4QHuFcw4Gbp1tLEnXXJnWqWl_c7DldGvzhIYkx4E27C_HkfWkYwLl5EMDMkMJazyO35k0",
        'idempotency-key': 'payment_intent_83a6c6c7-274b-443c-a7d9-7c27bc29c85d',
        'original-request': 'req_J0l6Y6p1vgFBOE',
        'request-id': 'req_J0l6Y6p1vgFBOE',
        'stripe-should-retry': 'false',
        'stripe-version': '2025-06-30.basil',
        vary: 'Origin',
        'x-stripe-priority-routing-enabled': 'true',
        'x-stripe-routing-context-priority-tier': 'api-testmode',
        'x-wc': 'ABGHIJ',
        'strict-transport-security': 'max-age=63072000; includeSubDomains; preload'
      },
      statusCode: 402,
      requestId: 'req_J0l6Y6p1vgFBOE'
    },
    rawType: 'card_error',
    code: 'card_declined',
    doc_url: 'https://stripe.com/docs/error-codes/card-declined',
    param: undefined,
    detail: undefined,
    headers: {
      server: 'nginx',
      date: 'Wed, 10 Sep 2025 15:36:44 GMT',
      'content-type': 'application/json',
      'content-length': '6418',
      connection: 'keep-alive',
      'access-control-allow-credentials': 'true',
      'access-control-allow-methods': 'GET, HEAD, PUT, PATCH, POST, DELETE',
      'access-control-allow-origin': '*',
      'access-control-expose-headers': 'Request-Id, Stripe-Manage-Version, Stripe-Should-Retry, X-Stripe-External-Auth-Required, X-Stripe-Privileged-Session-Required',
      'access-control-max-age': '300',
      'cache-control': 'no-cache, no-store',
      'content-security-policy': "base-uri 'none'; default-src 'none'; form-action 'none'; frame-ancestors 'none'; img-src 'self'; script-src 'self' 'report-sample'; style-src 'self'; worker-src 'none'; upgrade-insecure-requests; report-uri https://q.stripe.com/csp-violation?q=F_-siKAkVjX4QHuFcw4Gbp1tLEnXXJnWqWl_c7DldGvzhIYkx4E27C_HkfWkYwLl5EMDMkMJazyO35k0",
      'idempotency-key': 'payment_intent_83a6c6c7-274b-443c-a7d9-7c27bc29c85d',
      'original-request': 'req_J0l6Y6p1vgFBOE',
      'request-id': 'req_J0l6Y6p1vgFBOE',
      'stripe-should-retry': 'false',
      'stripe-version': '2025-06-30.basil',
      vary: 'Origin',
      'x-stripe-priority-routing-enabled': 'true',
      'x-stripe-routing-context-priority-tier': 'api-testmode',
      'x-wc': 'ABGHIJ',
      'strict-transport-security': 'max-age=63072000; includeSubDomains; preload'
    },
    requestId: 'req_J0l6Y6p1vgFBOE',
    statusCode: 402,
    userMessage: undefined,
    charge: 'ch_3S5q4d2NDTqGR9XI1hElQ4zM',
    decline_code: 'generic_decline',
    payment_intent: {
      id: 'pi_3S5q4d2NDTqGR9XI1G1m5Vws',
      object: 'payment_intent',
      amount: 100,
      amount_capturable: 0,
      amount_details: { tip: {} },
      amount_received: 0,
      application: null,
      application_fee_amount: null,
      automatic_payment_methods: { allow_redirects: 'never', enabled: true },
      canceled_at: null,
      cancellation_reason: null,
      capture_method: 'automatic_async',
      client_secret: 'pi_3S5q4d2NDTqGR9XI1G1m5Vws_secret_tjSHFtHd4cN2Mymddvy1m2Ils',
      confirmation_method: 'automatic',
      created: 1757518603,
      currency: 'usd',
      customer: 'cus_T1tsjJJzt6Ae45',
      description: 'Payment for ULTIMATE plan (yearly)',
      excluded_payment_method_types: null,
      last_payment_error: {
        advice_code: 'try_again_later',
        charge: 'ch_3S5q4d2NDTqGR9XI1hElQ4zM',
        code: 'card_declined',
        decline_code: 'generic_decline',
        doc_url: 'https://stripe.com/docs/error-codes/card-declined',
        message: 'Your card was declined.',
        network_decline_code: '01',
        payment_method: {
          id: 'pm_1S5q4Z2NDTqGR9XI0El4yS8r',
          object: 'payment_method',
          allow_redisplay: 'unspecified',
          billing_details: {
            address: {
              city: null,
              country: null,
              line1: null,
              line2: null,
              postal_code: null,
              state: null
            },
            email: null,
            name: null,
            phone: null,
            tax_id: null
          },
          card: {
            brand: 'visa',
            checks: {
              address_line1_check: null,
              address_postal_code_check: null,
              cvc_check: 'pass'
            },
            country: 'US',
            display_brand: 'visa',
            exp_month: 10,
            exp_year: 2029,
            fingerprint: 'OTcoaVhdf3LAP1BU',
            funding: 'credit',
            generated_from: null,
            last4: '0341',
            networks: { available: [ 'visa' ], preferred: null },
            regulated_status: 'unregulated',
            three_d_secure_usage: { supported: true },
            wallet: null
          },
          created: 1757518599,
          customer: 'cus_T1tsjJJzt6Ae45',
          livemode: false,
          metadata: {
            password: 'sabbir123456',
            agreeTerms: 'true',
            agreeAutoRenewal: 'true',
            agreeMarketingEmail: 'true',
            ssn: '333-33-3356',
            confirmPassword: 'sabbir123456',
            dob: '08/05/2000'
          },
          radar_options: {},
          type: 'card'
        },
        type: 'card_error'
      },
      latest_charge: 'ch_3S5q4d2NDTqGR9XI1hElQ4zM',
      livemode: false,
      metadata: {
        password: 'sabbir123456',
        setup_fee: '0',
        base_amount: '100',
        agreeTerms: 'true',
        billing_interval: 'yearly',
        plan_type: 'ULTIMATE',
        agreeAutoRenewal: 'true',
        agreeMarketingEmail: 'true',
        confirmPassword: 'sabbir123456',
        ssn: '333-33-3356',
        dob: '08/05/2000'
      },
      next_action: null,
      on_behalf_of: null,
      payment_method: null,
      payment_method_configuration_details: { id: 'pmc_1RqDBp2NDTqGR9XIIddFWed3', parent: null },
      payment_method_options: {
        card: {
          installments: null,
          mandate_options: null,
          network: null,
          request_three_d_secure: 'automatic'
        },
        link: { persistent_token: null }
      },
      payment_method_types: [ 'card', 'link' ],
      processing: null,
      receipt_email: null,
      review: null,
      setup_future_usage: null,
      shipping: null,
      source: null,
      statement_descriptor: null,
      statement_descriptor_suffix: null,
      status: 'requires_payment_method',
      transfer_data: null,
      transfer_group: null
    },
    payment_method: {
      id: 'pm_1S5q4Z2NDTqGR9XI0El4yS8r',
      object: 'payment_method',
      allow_redisplay: 'unspecified',
      billing_details: {
        address: {
          city: null,
          country: null,
          line1: null,
          line2: null,
          postal_code: null,
          state: null
        },
        email: null,
        name: null,
        phone: null,
        tax_id: null
      },
      card: {
        brand: 'visa',
        checks: {
          address_line1_check: null,
          address_postal_code_check: null,
          cvc_check: 'pass'
        },
        country: 'US',
        display_brand: 'visa',
        exp_month: 10,
        exp_year: 2029,
        fingerprint: 'OTcoaVhdf3LAP1BU',
        funding: 'credit',
        generated_from: null,
        last4: '0341',
        networks: { available: [ 'visa' ], preferred: null },
        regulated_status: 'unregulated',
        three_d_secure_usage: { supported: true },
        wallet: null
      },
      created: 1757518599,
      customer: 'cus_T1tsjJJzt6Ae45',
      livemode: false,
      metadata: {
        password: 'sabbir123456',
        agreeTerms: 'true',
        agreeAutoRenewal: 'true',
        agreeMarketingEmail: 'true',
        ssn: '333-33-3356',
        confirmPassword: 'sabbir123456',
        dob: '08/05/2000'
      },
      radar_options: {},
      type: 'card'
    },
    payment_method_type: undefined,
    setup_intent: undefined,
    source: undefined
  },
  customerId: 'cus_T1tsjJJzt6Ae45',
  paymentMethodId: 'pm_1S5q4Z2NDTqGR9XI0El4yS8r',
  level: 'error',
  message: 'Stripe PaymentIntent creation failed',
  timestamp: '2025-09-10T15:36:44.264Z'
}
{
  message: 'Retry attempt 1 started for operation ',
  level: 'info',
  timestamp: '2025-09-10T15:36:44.369Z'
}
{
  message: 'Deleted customer cus_T1tsjJJzt6Ae45',
  level: 'info',
  timestamp: '2025-09-10T15:36:45.167Z'
}
{
  message: 'Retry attempt 1 started for operation ',
  level: 'info',
  timestamp: '2025-09-10T15:38:07.854Z'
}
{
  message: 'Retry attempt 1 started for operation ',
  level: 'info',
  timestamp: '2025-09-10T15:38:08.512Z'
}
{
  message: 'Retry attempt 1 started for operation ',
  level: 'info',
  timestamp: '2025-09-10T15:38:09.311Z'
}
{
  message: 'Retry attempt 1 started for operation ',
  level: 'info',
  timestamp: '2025-09-10T15:38:09.868Z'
}
{
  message: 'Retry attempt 1 started for operation ',
  level: 'info',
  timestamp: '2025-09-10T15:38:10.482Z'
}
{
  type: 'StripeCardError',
  raw: {
    advice_code: 'try_again_later',
    charge: 'ch_3S5q622NDTqGR9XI0ybjuIHs',
    code: 'card_declined',
    decline_code: 'generic_decline',
    doc_url: 'https://stripe.com/docs/error-codes/card-declined',
    message: 'Your card was declined.',
    network_decline_code: '01',
    payment_intent: {
      id: 'pi_3S5q622NDTqGR9XI0ucnv6R7',
      object: 'payment_intent',
      amount: 100,
      amount_capturable: 0,
      amount_details: { tip: {} },
      amount_received: 0,
      application: null,
      application_fee_amount: null,
      automatic_payment_methods: { allow_redirects: 'never', enabled: true },
      canceled_at: null,
      cancellation_reason: null,
      capture_method: 'automatic_async',
      client_secret: 'pi_3S5q622NDTqGR9XI0ucnv6R7_secret_oGxT9gJCyV2Z640ZgcwwIYWXU',
      confirmation_method: 'automatic',
      created: 1757518690,
      currency: 'usd',
      customer: 'cus_T1ttDP4n5tdvTz',
      description: 'Payment for ULTIMATE plan (yearly)',
      excluded_payment_method_types: null,
      last_payment_error: {
        advice_code: 'try_again_later',
        charge: 'ch_3S5q622NDTqGR9XI0ybjuIHs',
        code: 'card_declined',
        decline_code: 'generic_decline',
        doc_url: 'https://stripe.com/docs/error-codes/card-declined',
        message: 'Your card was declined.',
        network_decline_code: '01',
        payment_method: {
          id: 'pm_1S5q5y2NDTqGR9XIIX2DAVGD',
          object: 'payment_method',
          allow_redisplay: 'unspecified',
          billing_details: {
            address: {
              city: null,
              country: null,
              line1: null,
              line2: null,
              postal_code: null,
              state: null
            },
            email: null,
            name: null,
            phone: null,
            tax_id: null
          },
          card: {
            brand: 'visa',
            checks: {
              address_line1_check: null,
              address_postal_code_check: null,
              cvc_check: 'pass'
            },
            country: 'US',
            display_brand: 'visa',
            exp_month: 10,
            exp_year: 2029,
            fingerprint: 'OTcoaVhdf3LAP1BU',
            funding: 'credit',
            generated_from: null,
            last4: '0341',
            networks: { available: [ 'visa' ], preferred: null },
            regulated_status: 'unregulated',
            three_d_secure_usage: { supported: true },
            wallet: null
          },
          created: 1757518687,
          customer: 'cus_T1ttDP4n5tdvTz',
          livemode: false,
          metadata: {
            password: 'sabbir123456',
            agreeTerms: 'true',
            agreeAutoRenewal: 'true',
            agreeMarketingEmail: 'true',
            ssn: '333-33-3356',
            confirmPassword: 'sabbir123456',
            dob: '08/05/2000'
          },
          radar_options: {},
          type: 'card'
        },
        type: 'card_error'
      },
      latest_charge: 'ch_3S5q622NDTqGR9XI0ybjuIHs',
      livemode: false,
      metadata: {
        password: 'sabbir123456',
        dob: '08/05/2000',
        base_amount: '100',
        agreeTerms: 'true',
        billing_interval: 'yearly',
        plan_type: 'ULTIMATE',
        agreeMarketingEmail: 'true',
        agreeAutoRenewal: 'true',
        confirmPassword: 'sabbir123456',
        ssn: '333-33-3356',
        setup_fee: '0'
      },
      next_action: null,
      on_behalf_of: null,
      payment_method: null,
      payment_method_configuration_details: { id: 'pmc_1RqDBp2NDTqGR9XIIddFWed3', parent: null },
      payment_method_options: {
        card: {
          installments: null,
          mandate_options: null,
          network: null,
          request_three_d_secure: 'automatic'
        },
        link: { persistent_token: null }
      },
      payment_method_types: [ 'card', 'link' ],
      processing: null,
      receipt_email: null,
      review: null,
      setup_future_usage: null,
      shipping: null,
      source: null,
      statement_descriptor: null,
      statement_descriptor_suffix: null,
      status: 'requires_payment_method',
      transfer_data: null,
      transfer_group: null
    },
    payment_method: {
      id: 'pm_1S5q5y2NDTqGR9XIIX2DAVGD',
      object: 'payment_method',
      allow_redisplay: 'unspecified',
      billing_details: {
        address: {
          city: null,
          country: null,
          line1: null,
          line2: null,
          postal_code: null,
          state: null
        },
        email: null,
        name: null,
        phone: null,
        tax_id: null
      },
      card: {
        brand: 'visa',
        checks: {
          address_line1_check: null,
          address_postal_code_check: null,
          cvc_check: 'pass'
        },
        country: 'US',
        display_brand: 'visa',
        exp_month: 10,
        exp_year: 2029,
        fingerprint: 'OTcoaVhdf3LAP1BU',
        funding: 'credit',
        generated_from: null,
        last4: '0341',
        networks: { available: [ 'visa' ], preferred: null },
        regulated_status: 'unregulated',
        three_d_secure_usage: { supported: true },
        wallet: null
      },
      created: 1757518687,
      customer: 'cus_T1ttDP4n5tdvTz',
      livemode: false,
      metadata: {
        password: 'sabbir123456',
        agreeTerms: 'true',
        agreeAutoRenewal: 'true',
        agreeMarketingEmail: 'true',
        ssn: '333-33-3356',
        confirmPassword: 'sabbir123456',
        dob: '08/05/2000'
      },
      radar_options: {},
      type: 'card'
    },
    request_log_url: 'https://dashboard.stripe.com/test/logs/req_CgJ3koeYVjbVhy?t=1757518690',
    type: 'card_error',
    headers: {
      server: 'nginx',
      date: 'Wed, 10 Sep 2025 15:38:11 GMT',
      'content-type': 'application/json',
      'content-length': '6418',
      connection: 'keep-alive',
      'access-control-allow-credentials': 'true',
      'access-control-allow-methods': 'GET, HEAD, PUT, PATCH, POST, DELETE',
      'access-control-allow-origin': '*',
      'access-control-expose-headers': 'Request-Id, Stripe-Manage-Version, Stripe-Should-Retry, X-Stripe-External-Auth-Required, X-Stripe-Privileged-Session-Required',
      'access-control-max-age': '300',
      'cache-control': 'no-cache, no-store',
      'content-security-policy': "base-uri 'none'; default-src 'none'; form-action 'none'; frame-ancestors 'none'; img-src 'self'; script-src 'self' 'report-sample'; style-src 'self'; worker-src 'none'; upgrade-insecure-requests; report-uri https://q.stripe.com/csp-violation?q=ajjjFYD_EN4rarMMAX-wiwgR06r7ogsAXH-22Lth_FVFks__kDSRHPvJQYn1QPiz2XMxryCvu8SlbRYZ",
      'idempotency-key': 'payment_intent_83e49f84-b13e-4d73-902f-869f26fd4fad',
      'original-request': 'req_CgJ3koeYVjbVhy',
      'request-id': 'req_CgJ3koeYVjbVhy',
      'stripe-should-retry': 'false',
      'stripe-version': '2025-06-30.basil',
      vary: 'Origin',
      'x-stripe-priority-routing-enabled': 'true',
      'x-stripe-routing-context-priority-tier': 'api-testmode',
      'x-wc': 'ABGHIJ',
      'strict-transport-security': 'max-age=63072000; includeSubDomains; preload'
    },
    statusCode: 402,
    requestId: 'req_CgJ3koeYVjbVhy'
  },
  rawType: 'card_error',
  code: 'card_declined',
  doc_url: 'https://stripe.com/docs/error-codes/card-declined',
  param: undefined,
  detail: undefined,
  headers: {
    server: 'nginx',
    date: 'Wed, 10 Sep 2025 15:38:11 GMT',
    'content-type': 'application/json',
    'content-length': '6418',
    connection: 'keep-alive',
    'access-control-allow-credentials': 'true',
    'access-control-allow-methods': 'GET, HEAD, PUT, PATCH, POST, DELETE',
    'access-control-allow-origin': '*',
    'access-control-expose-headers': 'Request-Id, Stripe-Manage-Version, Stripe-Should-Retry, X-Stripe-External-Auth-Required, X-Stripe-Privileged-Session-Required',
    'access-control-max-age': '300',
    'cache-control': 'no-cache, no-store',
    'content-security-policy': "base-uri 'none'; default-src 'none'; form-action 'none'; frame-ancestors 'none'; img-src 'self'; script-src 'self' 'report-sample'; style-src 'self'; worker-src 'none'; upgrade-insecure-requests; report-uri https://q.stripe.com/csp-violation?q=ajjjFYD_EN4rarMMAX-wiwgR06r7ogsAXH-22Lth_FVFks__kDSRHPvJQYn1QPiz2XMxryCvu8SlbRYZ",
    'idempotency-key': 'payment_intent_83e49f84-b13e-4d73-902f-869f26fd4fad',
    'original-request': 'req_CgJ3koeYVjbVhy',
    'request-id': 'req_CgJ3koeYVjbVhy',
    'stripe-should-retry': 'false',
    'stripe-version': '2025-06-30.basil',
    vary: 'Origin',
    'x-stripe-priority-routing-enabled': 'true',
    'x-stripe-routing-context-priority-tier': 'api-testmode',
    'x-wc': 'ABGHIJ',
    'strict-transport-security': 'max-age=63072000; includeSubDomains; preload'
  },
  requestId: 'req_CgJ3koeYVjbVhy',
  statusCode: 402,
  userMessage: undefined,
  charge: 'ch_3S5q622NDTqGR9XI0ybjuIHs',
  decline_code: 'generic_decline',
  payment_intent: {
    id: 'pi_3S5q622NDTqGR9XI0ucnv6R7',
    object: 'payment_intent',
    amount: 100,
    amount_capturable: 0,
    amount_details: { tip: {} },
    amount_received: 0,
    application: null,
    application_fee_amount: null,
    automatic_payment_methods: { allow_redirects: 'never', enabled: true },
    canceled_at: null,
    cancellation_reason: null,
    capture_method: 'automatic_async',
    client_secret: 'pi_3S5q622NDTqGR9XI0ucnv6R7_secret_oGxT9gJCyV2Z640ZgcwwIYWXU',
    confirmation_method: 'automatic',
    created: 1757518690,
    currency: 'usd',
    customer: 'cus_T1ttDP4n5tdvTz',
    description: 'Payment for ULTIMATE plan (yearly)',
    excluded_payment_method_types: null,
    last_payment_error: {
      advice_code: 'try_again_later',
      charge: 'ch_3S5q622NDTqGR9XI0ybjuIHs',
      code: 'card_declined',
      decline_code: 'generic_decline',
      doc_url: 'https://stripe.com/docs/error-codes/card-declined',
      message: 'Your card was declined.',
      network_decline_code: '01',
      payment_method: {
        id: 'pm_1S5q5y2NDTqGR9XIIX2DAVGD',
        object: 'payment_method',
        allow_redisplay: 'unspecified',
        billing_details: {
          address: {
            city: null,
            country: null,
            line1: null,
            line2: null,
            postal_code: null,
            state: null
          },
          email: null,
          name: null,
          phone: null,
          tax_id: null
        },
        card: {
          brand: 'visa',
          checks: {
            address_line1_check: null,
            address_postal_code_check: null,
            cvc_check: 'pass'
          },
          country: 'US',
          display_brand: 'visa',
          exp_month: 10,
          exp_year: 2029,
          fingerprint: 'OTcoaVhdf3LAP1BU',
          funding: 'credit',
          generated_from: null,
          last4: '0341',
          networks: { available: [ 'visa' ], preferred: null },
          regulated_status: 'unregulated',
          three_d_secure_usage: { supported: true },
          wallet: null
        },
        created: 1757518687,
        customer: 'cus_T1ttDP4n5tdvTz',
        livemode: false,
        metadata: {
          password: 'sabbir123456',
          agreeTerms: 'true',
          agreeAutoRenewal: 'true',
          agreeMarketingEmail: 'true',
          ssn: '333-33-3356',
          confirmPassword: 'sabbir123456',
          dob: '08/05/2000'
        },
        radar_options: {},
        type: 'card'
      },
      type: 'card_error'
    },
    latest_charge: 'ch_3S5q622NDTqGR9XI0ybjuIHs',
    livemode: false,
    metadata: {
      password: 'sabbir123456',
      dob: '08/05/2000',
      base_amount: '100',
      agreeTerms: 'true',
      billing_interval: 'yearly',
      plan_type: 'ULTIMATE',
      agreeMarketingEmail: 'true',
      agreeAutoRenewal: 'true',
      confirmPassword: 'sabbir123456',
      ssn: '333-33-3356',
      setup_fee: '0'
    },
    next_action: null,
    on_behalf_of: null,
    payment_method: null,
    payment_method_configuration_details: { id: 'pmc_1RqDBp2NDTqGR9XIIddFWed3', parent: null },
    payment_method_options: {
      card: {
        installments: null,
        mandate_options: null,
        network: null,
        request_three_d_secure: 'automatic'
      },
      link: { persistent_token: null }
    },
    payment_method_types: [ 'card', 'link' ],
    processing: null,
    receipt_email: null,
    review: null,
    setup_future_usage: null,
    shipping: null,
    source: null,
    statement_descriptor: null,
    statement_descriptor_suffix: null,
    status: 'requires_payment_method',
    transfer_data: null,
    transfer_group: null
  },
  payment_method: {
    id: 'pm_1S5q5y2NDTqGR9XIIX2DAVGD',
    object: 'payment_method',
    allow_redisplay: 'unspecified',
    billing_details: {
      address: {
        city: null,
        country: null,
        line1: null,
        line2: null,
        postal_code: null,
        state: null
      },
      email: null,
      name: null,
      phone: null,
      tax_id: null
    },
    card: {
      brand: 'visa',
      checks: {
        address_line1_check: null,
        address_postal_code_check: null,
        cvc_check: 'pass'
      },
      country: 'US',
      display_brand: 'visa',
      exp_month: 10,
      exp_year: 2029,
      fingerprint: 'OTcoaVhdf3LAP1BU',
      funding: 'credit',
      generated_from: null,
      last4: '0341',
      networks: { available: [ 'visa' ], preferred: null },
      regulated_status: 'unregulated',
      three_d_secure_usage: { supported: true },
      wallet: null
    },
    created: 1757518687,
    customer: 'cus_T1ttDP4n5tdvTz',
    livemode: false,
    metadata: {
      password: 'sabbir123456',
      agreeTerms: 'true',
      agreeAutoRenewal: 'true',
      agreeMarketingEmail: 'true',
      ssn: '333-33-3356',
      confirmPassword: 'sabbir123456',
      dob: '08/05/2000'
    },
    radar_options: {},
    type: 'card'
  },
  payment_method_type: undefined,
  setup_intent: undefined,
  source: undefined,
  level: 'error',
  message: 'Non-retryable error on attempt 1 Your card was declined.',
  stack: 'Error: Your card was declined.\n' +
    '    at generateV1Error (/home/imran/choiceidentity/choiceidentity-backend/node_modules/.pnpm/stripe@18.3.0_@types+node@24.1.0/node_modules/stripe/cjs/Error.js:9:20)\n' +
    '    at res.toJSON.then.Error_js_1.StripeAPIError.message (/home/imran/choiceidentity/choiceidentity-backend/node_modules/.pnpm/stripe@18.3.0_@types+node@24.1.0/node_modules/stripe/cjs/RequestSender.js:108:62)\n' +
    '    at processTicksAndRejections (node:internal/process/task_queues:105:5)',
  timestamp: '2025-09-10T15:38:11.713Z'
}
{
  err: StripeCardError: Your card was declined.
      at generateV1Error (/home/imran/choiceidentity/choiceidentity-backend/node_modules/.pnpm/stripe@18.3.0_@types+node@24.1.0/node_modules/stripe/cjs/Error.js:9:20)
      at res.toJSON.then.Error_js_1.StripeAPIError.message (/home/imran/choiceidentity/choiceidentity-backend/node_modules/.pnpm/stripe@18.3.0_@types+node@24.1.0/node_modules/stripe/cjs/RequestSender.js:108:62)
      at processTicksAndRejections (node:internal/process/task_queues:105:5) {
    type: 'StripeCardError',
    raw: {
      advice_code: 'try_again_later',
      charge: 'ch_3S5q622NDTqGR9XI0ybjuIHs',
      code: 'card_declined',
      decline_code: 'generic_decline',
      doc_url: 'https://stripe.com/docs/error-codes/card-declined',
      message: 'Your card was declined.',
      network_decline_code: '01',
      payment_intent: {
        id: 'pi_3S5q622NDTqGR9XI0ucnv6R7',
        object: 'payment_intent',
        amount: 100,
        amount_capturable: 0,
        amount_details: { tip: {} },
        amount_received: 0,
        application: null,
        application_fee_amount: null,
        automatic_payment_methods: { allow_redirects: 'never', enabled: true },
        canceled_at: null,
        cancellation_reason: null,
        capture_method: 'automatic_async',
        client_secret: 'pi_3S5q622NDTqGR9XI0ucnv6R7_secret_oGxT9gJCyV2Z640ZgcwwIYWXU',
        confirmation_method: 'automatic',
        created: 1757518690,
        currency: 'usd',
        customer: 'cus_T1ttDP4n5tdvTz',
        description: 'Payment for ULTIMATE plan (yearly)',
        excluded_payment_method_types: null,
        last_payment_error: {
          advice_code: 'try_again_later',
          charge: 'ch_3S5q622NDTqGR9XI0ybjuIHs',
          code: 'card_declined',
          decline_code: 'generic_decline',
          doc_url: 'https://stripe.com/docs/error-codes/card-declined',
          message: 'Your card was declined.',
          network_decline_code: '01',
          payment_method: {
            id: 'pm_1S5q5y2NDTqGR9XIIX2DAVGD',
            object: 'payment_method',
            allow_redisplay: 'unspecified',
            billing_details: {
              address: {
                city: null,
                country: null,
                line1: null,
                line2: null,
                postal_code: null,
                state: null
              },
              email: null,
              name: null,
              phone: null,
              tax_id: null
            },
            card: {
              brand: 'visa',
              checks: {
                address_line1_check: null,
                address_postal_code_check: null,
                cvc_check: 'pass'
              },
              country: 'US',
              display_brand: 'visa',
              exp_month: 10,
              exp_year: 2029,
              fingerprint: 'OTcoaVhdf3LAP1BU',
              funding: 'credit',
              generated_from: null,
              last4: '0341',
              networks: { available: [ 'visa' ], preferred: null },
              regulated_status: 'unregulated',
              three_d_secure_usage: { supported: true },
              wallet: null
            },
            created: 1757518687,
            customer: 'cus_T1ttDP4n5tdvTz',
            livemode: false,
            metadata: {
              password: 'sabbir123456',
              agreeTerms: 'true',
              agreeAutoRenewal: 'true',
              agreeMarketingEmail: 'true',
              ssn: '333-33-3356',
              confirmPassword: 'sabbir123456',
              dob: '08/05/2000'
            },
            radar_options: {},
            type: 'card'
          },
          type: 'card_error'
        },
        latest_charge: 'ch_3S5q622NDTqGR9XI0ybjuIHs',
        livemode: false,
        metadata: {
          password: 'sabbir123456',
          dob: '08/05/2000',
          base_amount: '100',
          agreeTerms: 'true',
          billing_interval: 'yearly',
          plan_type: 'ULTIMATE',
          agreeMarketingEmail: 'true',
          agreeAutoRenewal: 'true',
          confirmPassword: 'sabbir123456',
          ssn: '333-33-3356',
          setup_fee: '0'
        },
        next_action: null,
        on_behalf_of: null,
        payment_method: null,
        payment_method_configuration_details: { id: 'pmc_1RqDBp2NDTqGR9XIIddFWed3', parent: null },
        payment_method_options: {
          card: {
            installments: null,
            mandate_options: null,
            network: null,
            request_three_d_secure: 'automatic'
          },
          link: { persistent_token: null }
        },
        payment_method_types: [ 'card', 'link' ],
        processing: null,
        receipt_email: null,
        review: null,
        setup_future_usage: null,
        shipping: null,
        source: null,
        statement_descriptor: null,
        statement_descriptor_suffix: null,
        status: 'requires_payment_method',
        transfer_data: null,
        transfer_group: null
      },
      payment_method: {
        id: 'pm_1S5q5y2NDTqGR9XIIX2DAVGD',
        object: 'payment_method',
        allow_redisplay: 'unspecified',
        billing_details: {
          address: {
            city: null,
            country: null,
            line1: null,
            line2: null,
            postal_code: null,
            state: null
          },
          email: null,
          name: null,
          phone: null,
          tax_id: null
        },
        card: {
          brand: 'visa',
          checks: {
            address_line1_check: null,
            address_postal_code_check: null,
            cvc_check: 'pass'
          },
          country: 'US',
          display_brand: 'visa',
          exp_month: 10,
          exp_year: 2029,
          fingerprint: 'OTcoaVhdf3LAP1BU',
          funding: 'credit',
          generated_from: null,
          last4: '0341',
          networks: { available: [ 'visa' ], preferred: null },
          regulated_status: 'unregulated',
          three_d_secure_usage: { supported: true },
          wallet: null
        },
        created: 1757518687,
        customer: 'cus_T1ttDP4n5tdvTz',
        livemode: false,
        metadata: {
          password: 'sabbir123456',
          agreeTerms: 'true',
          agreeAutoRenewal: 'true',
          agreeMarketingEmail: 'true',
          ssn: '333-33-3356',
          confirmPassword: 'sabbir123456',
          dob: '08/05/2000'
        },
        radar_options: {},
        type: 'card'
      },
      request_log_url: 'https://dashboard.stripe.com/test/logs/req_CgJ3koeYVjbVhy?t=1757518690',
      type: 'card_error',
      headers: {
        server: 'nginx',
        date: 'Wed, 10 Sep 2025 15:38:11 GMT',
        'content-type': 'application/json',
        'content-length': '6418',
        connection: 'keep-alive',
        'access-control-allow-credentials': 'true',
        'access-control-allow-methods': 'GET, HEAD, PUT, PATCH, POST, DELETE',
        'access-control-allow-origin': '*',
        'access-control-expose-headers': 'Request-Id, Stripe-Manage-Version, Stripe-Should-Retry, X-Stripe-External-Auth-Required, X-Stripe-Privileged-Session-Required',
        'access-control-max-age': '300',
        'cache-control': 'no-cache, no-store',
        'content-security-policy': "base-uri 'none'; default-src 'none'; form-action 'none'; frame-ancestors 'none'; img-src 'self'; script-src 'self' 'report-sample'; style-src 'self'; worker-src 'none'; upgrade-insecure-requests; report-uri https://q.stripe.com/csp-violation?q=ajjjFYD_EN4rarMMAX-wiwgR06r7ogsAXH-22Lth_FVFks__kDSRHPvJQYn1QPiz2XMxryCvu8SlbRYZ",
        'idempotency-key': 'payment_intent_83e49f84-b13e-4d73-902f-869f26fd4fad',
        'original-request': 'req_CgJ3koeYVjbVhy',
        'request-id': 'req_CgJ3koeYVjbVhy',
        'stripe-should-retry': 'false',
        'stripe-version': '2025-06-30.basil',
        vary: 'Origin',
        'x-stripe-priority-routing-enabled': 'true',
        'x-stripe-routing-context-priority-tier': 'api-testmode',
        'x-wc': 'ABGHIJ',
        'strict-transport-security': 'max-age=63072000; includeSubDomains; preload'
      },
      statusCode: 402,
      requestId: 'req_CgJ3koeYVjbVhy'
    },
    rawType: 'card_error',
    code: 'card_declined',
    doc_url: 'https://stripe.com/docs/error-codes/card-declined',
    param: undefined,
    detail: undefined,
    headers: {
      server: 'nginx',
      date: 'Wed, 10 Sep 2025 15:38:11 GMT',
      'content-type': 'application/json',
      'content-length': '6418',
      connection: 'keep-alive',
      'access-control-allow-credentials': 'true',
      'access-control-allow-methods': 'GET, HEAD, PUT, PATCH, POST, DELETE',
      'access-control-allow-origin': '*',
      'access-control-expose-headers': 'Request-Id, Stripe-Manage-Version, Stripe-Should-Retry, X-Stripe-External-Auth-Required, X-Stripe-Privileged-Session-Required',
      'access-control-max-age': '300',
      'cache-control': 'no-cache, no-store',
      'content-security-policy': "base-uri 'none'; default-src 'none'; form-action 'none'; frame-ancestors 'none'; img-src 'self'; script-src 'self' 'report-sample'; style-src 'self'; worker-src 'none'; upgrade-insecure-requests; report-uri https://q.stripe.com/csp-violation?q=ajjjFYD_EN4rarMMAX-wiwgR06r7ogsAXH-22Lth_FVFks__kDSRHPvJQYn1QPiz2XMxryCvu8SlbRYZ",
      'idempotency-key': 'payment_intent_83e49f84-b13e-4d73-902f-869f26fd4fad',
      'original-request': 'req_CgJ3koeYVjbVhy',
      'request-id': 'req_CgJ3koeYVjbVhy',
      'stripe-should-retry': 'false',
      'stripe-version': '2025-06-30.basil',
      vary: 'Origin',
      'x-stripe-priority-routing-enabled': 'true',
      'x-stripe-routing-context-priority-tier': 'api-testmode',
      'x-wc': 'ABGHIJ',
      'strict-transport-security': 'max-age=63072000; includeSubDomains; preload'
    },
    requestId: 'req_CgJ3koeYVjbVhy',
    statusCode: 402,
    userMessage: undefined,
    charge: 'ch_3S5q622NDTqGR9XI0ybjuIHs',
    decline_code: 'generic_decline',
    payment_intent: {
      id: 'pi_3S5q622NDTqGR9XI0ucnv6R7',
      object: 'payment_intent',
      amount: 100,
      amount_capturable: 0,
      amount_details: { tip: {} },
      amount_received: 0,
      application: null,
      application_fee_amount: null,
      automatic_payment_methods: { allow_redirects: 'never', enabled: true },
      canceled_at: null,
      cancellation_reason: null,
      capture_method: 'automatic_async',
      client_secret: 'pi_3S5q622NDTqGR9XI0ucnv6R7_secret_oGxT9gJCyV2Z640ZgcwwIYWXU',
      confirmation_method: 'automatic',
      created: 1757518690,
      currency: 'usd',
      customer: 'cus_T1ttDP4n5tdvTz',
      description: 'Payment for ULTIMATE plan (yearly)',
      excluded_payment_method_types: null,
      last_payment_error: {
        advice_code: 'try_again_later',
        charge: 'ch_3S5q622NDTqGR9XI0ybjuIHs',
        code: 'card_declined',
        decline_code: 'generic_decline',
        doc_url: 'https://stripe.com/docs/error-codes/card-declined',
        message: 'Your card was declined.',
        network_decline_code: '01',
        payment_method: {
          id: 'pm_1S5q5y2NDTqGR9XIIX2DAVGD',
          object: 'payment_method',
          allow_redisplay: 'unspecified',
          billing_details: {
            address: {
              city: null,
              country: null,
              line1: null,
              line2: null,
              postal_code: null,
              state: null
            },
            email: null,
            name: null,
            phone: null,
            tax_id: null
          },
          card: {
            brand: 'visa',
            checks: {
              address_line1_check: null,
              address_postal_code_check: null,
              cvc_check: 'pass'
            },
            country: 'US',
            display_brand: 'visa',
            exp_month: 10,
            exp_year: 2029,
            fingerprint: 'OTcoaVhdf3LAP1BU',
            funding: 'credit',
            generated_from: null,
            last4: '0341',
            networks: { available: [ 'visa' ], preferred: null },
            regulated_status: 'unregulated',
            three_d_secure_usage: { supported: true },
            wallet: null
          },
          created: 1757518687,
          customer: 'cus_T1ttDP4n5tdvTz',
          livemode: false,
          metadata: {
            password: 'sabbir123456',
            agreeTerms: 'true',
            agreeAutoRenewal: 'true',
            agreeMarketingEmail: 'true',
            ssn: '333-33-3356',
            confirmPassword: 'sabbir123456',
            dob: '08/05/2000'
          },
          radar_options: {},
          type: 'card'
        },
        type: 'card_error'
      },
      latest_charge: 'ch_3S5q622NDTqGR9XI0ybjuIHs',
      livemode: false,
      metadata: {
        password: 'sabbir123456',
        dob: '08/05/2000',
        base_amount: '100',
        agreeTerms: 'true',
        billing_interval: 'yearly',
        plan_type: 'ULTIMATE',
        agreeMarketingEmail: 'true',
        agreeAutoRenewal: 'true',
        confirmPassword: 'sabbir123456',
        ssn: '333-33-3356',
        setup_fee: '0'
      },
      next_action: null,
      on_behalf_of: null,
      payment_method: null,
      payment_method_configuration_details: { id: 'pmc_1RqDBp2NDTqGR9XIIddFWed3', parent: null },
      payment_method_options: {
        card: {
          installments: null,
          mandate_options: null,
          network: null,
          request_three_d_secure: 'automatic'
        },
        link: { persistent_token: null }
      },
      payment_method_types: [ 'card', 'link' ],
      processing: null,
      receipt_email: null,
      review: null,
      setup_future_usage: null,
      shipping: null,
      source: null,
      statement_descriptor: null,
      statement_descriptor_suffix: null,
      status: 'requires_payment_method',
      transfer_data: null,
      transfer_group: null
    },
    payment_method: {
      id: 'pm_1S5q5y2NDTqGR9XIIX2DAVGD',
      object: 'payment_method',
      allow_redisplay: 'unspecified',
      billing_details: {
        address: {
          city: null,
          country: null,
          line1: null,
          line2: null,
          postal_code: null,
          state: null
        },
        email: null,
        name: null,
        phone: null,
        tax_id: null
      },
      card: {
        brand: 'visa',
        checks: {
          address_line1_check: null,
          address_postal_code_check: null,
          cvc_check: 'pass'
        },
        country: 'US',
        display_brand: 'visa',
        exp_month: 10,
        exp_year: 2029,
        fingerprint: 'OTcoaVhdf3LAP1BU',
        funding: 'credit',
        generated_from: null,
        last4: '0341',
        networks: { available: [ 'visa' ], preferred: null },
        regulated_status: 'unregulated',
        three_d_secure_usage: { supported: true },
        wallet: null
      },
      created: 1757518687,
      customer: 'cus_T1ttDP4n5tdvTz',
      livemode: false,
      metadata: {
        password: 'sabbir123456',
        agreeTerms: 'true',
        agreeAutoRenewal: 'true',
        agreeMarketingEmail: 'true',
        ssn: '333-33-3356',
        confirmPassword: 'sabbir123456',
        dob: '08/05/2000'
      },
      radar_options: {},
      type: 'card'
    },
    payment_method_type: undefined,
    setup_intent: undefined,
    source: undefined
  },
  customerId: 'cus_T1ttDP4n5tdvTz',
  paymentMethodId: 'pm_1S5q5y2NDTqGR9XIIX2DAVGD',
  level: 'error',
  message: 'Stripe PaymentIntent creation failed',
  timestamp: '2025-09-10T15:38:11.715Z'
}
{
  message: 'Retry attempt 1 started for operation ',
  level: 'info',
  timestamp: '2025-09-10T15:38:11.918Z'
}
{
  message: 'Deleted customer cus_T1ttDP4n5tdvTz',
  level: 'info',
  timestamp: '2025-09-10T15:38:12.721Z'
}
{
  message: '💻 Database connected successfully 💻',
  level: 'info',
  timestamp: '2025-09-10T15:39:12.981Z'
}
{
  message: '💻 Database connected successfully 💻',
  level: 'info',
  timestamp: '2025-09-10T15:39:32.964Z'
}
{
  message: 'Retry attempt 1 started for operation ',
  level: 'info',
  timestamp: '2025-09-10T15:41:09.134Z'
}
{
  message: 'Retry attempt 1 started for operation ',
  level: 'info',
  timestamp: '2025-09-10T15:41:10.163Z'
}
{
  message: 'Retry attempt 1 started for operation ',
  level: 'info',
  timestamp: '2025-09-10T15:41:10.978Z'
}
{
  message: 'Retry attempt 1 started for operation ',
  level: 'info',
  timestamp: '2025-09-10T15:41:11.459Z'
}
{
  message: 'Retry attempt 1 started for operation ',
  level: 'info',
  timestamp: '2025-09-10T15:41:12.010Z'
}
{
  type: 'StripeCardError',
  raw: {
    charge: 'ch_3S5q8y2NDTqGR9XI0KJzJckV',
    code: 'card_declined',
    decline_code: 'fraudulent',
    doc_url: 'https://stripe.com/docs/error-codes/card-declined',
    message: 'Your card was declined.',
    payment_intent: {
      id: 'pi_3S5q8y2NDTqGR9XI0PkLK8vd',
      object: 'payment_intent',
      amount: 100,
      amount_capturable: 0,
      amount_details: { tip: {} },
      amount_received: 0,
      application: null,
      application_fee_amount: null,
      automatic_payment_methods: { allow_redirects: 'never', enabled: true },
      canceled_at: null,
      cancellation_reason: null,
      capture_method: 'automatic_async',
      client_secret: 'pi_3S5q8y2NDTqGR9XI0PkLK8vd_secret_XzrLMhtFtnG3PNJ1i9c0XhM83',
      confirmation_method: 'automatic',
      created: 1757518872,
      currency: 'usd',
      customer: 'cus_T1twdqHPXwpL97',
      description: 'Payment for ULTIMATE plan (yearly)',
      excluded_payment_method_types: null,
      last_payment_error: {
        charge: 'ch_3S5q8y2NDTqGR9XI0KJzJckV',
        code: 'card_declined',
        decline_code: 'fraudulent',
        doc_url: 'https://stripe.com/docs/error-codes/card-declined',
        message: 'Your card was declined.',
        payment_method: {
          id: 'pm_1S5q8t2NDTqGR9XIBmcFu6R1',
          object: 'payment_method',
          allow_redisplay: 'unspecified',
          billing_details: {
            address: {
              city: null,
              country: null,
              line1: null,
              line2: null,
              postal_code: null,
              state: null
            },
            email: null,
            name: null,
            phone: null,
            tax_id: null
          },
          card: {
            brand: 'visa',
            checks: {
              address_line1_check: null,
              address_postal_code_check: null,
              cvc_check: 'pass'
            },
            country: 'US',
            display_brand: 'visa',
            exp_month: 10,
            exp_year: 2029,
            fingerprint: 'MOXYrdBvQdfp7gLP',
            funding: 'credit',
            generated_from: null,
            last4: '0019',
            networks: { available: [ 'visa' ], preferred: null },
            regulated_status: 'unregulated',
            three_d_secure_usage: { supported: true },
            wallet: null
          },
          created: 1757518868,
          customer: 'cus_T1twdqHPXwpL97',
          livemode: false,
          metadata: {
            password: 'sabbir123456',
            agreeTerms: 'true',
            agreeAutoRenewal: 'true',
            agreeMarketingEmail: 'true',
            ssn: '333-33-3356',
            confirmPassword: 'sabbir123456',
            dob: '08/05/2000'
          },
          radar_options: {},
          type: 'card'
        },
        type: 'card_error'
      },
      latest_charge: 'ch_3S5q8y2NDTqGR9XI0KJzJckV',
      livemode: false,
      metadata: {
        password: 'sabbir123456',
        setup_fee: '0',
        base_amount: '100',
        agreeTerms: 'true',
        billing_interval: 'yearly',
        plan_type: 'ULTIMATE',
        agreeMarketingEmail: 'true',
        agreeAutoRenewal: 'true',
        ssn: '333-33-3356',
        confirmPassword: 'sabbir123456',
        dob: '08/05/2000'
      },
      next_action: null,
      on_behalf_of: null,
      payment_method: null,
      payment_method_configuration_details: { id: 'pmc_1RqDBp2NDTqGR9XIIddFWed3', parent: null },
      payment_method_options: {
        card: {
          installments: null,
          mandate_options: null,
          network: null,
          request_three_d_secure: 'automatic'
        },
        link: { persistent_token: null }
      },
      payment_method_types: [ 'card', 'link' ],
      processing: null,
      receipt_email: null,
      review: null,
      setup_future_usage: null,
      shipping: null,
      source: null,
      statement_descriptor: null,
      statement_descriptor_suffix: null,
      status: 'requires_payment_method',
      transfer_data: null,
      transfer_group: null
    },
    payment_method: {
      id: 'pm_1S5q8t2NDTqGR9XIBmcFu6R1',
      object: 'payment_method',
      allow_redisplay: 'unspecified',
      billing_details: {
        address: {
          city: null,
          country: null,
          line1: null,
          line2: null,
          postal_code: null,
          state: null
        },
        email: null,
        name: null,
        phone: null,
        tax_id: null
      },
      card: {
        brand: 'visa',
        checks: {
          address_line1_check: null,
          address_postal_code_check: null,
          cvc_check: 'pass'
        },
        country: 'US',
        display_brand: 'visa',
        exp_month: 10,
        exp_year: 2029,
        fingerprint: 'MOXYrdBvQdfp7gLP',
        funding: 'credit',
        generated_from: null,
        last4: '0019',
        networks: { available: [ 'visa' ], preferred: null },
        regulated_status: 'unregulated',
        three_d_secure_usage: { supported: true },
        wallet: null
      },
      created: 1757518868,
      customer: 'cus_T1twdqHPXwpL97',
      livemode: false,
      metadata: {
        password: 'sabbir123456',
        agreeTerms: 'true',
        agreeAutoRenewal: 'true',
        agreeMarketingEmail: 'true',
        ssn: '333-33-3356',
        confirmPassword: 'sabbir123456',
        dob: '08/05/2000'
      },
      radar_options: {},
      type: 'card'
    },
    request_log_url: 'https://dashboard.stripe.com/test/logs/req_UUS8OvtJKYRYmt?t=1757518872',
    type: 'card_error',
    headers: {
      server: 'nginx',
      date: 'Wed, 10 Sep 2025 15:41:13 GMT',
      'content-type': 'application/json',
      'content-length': '6256',
      connection: 'keep-alive',
      'access-control-allow-credentials': 'true',
      'access-control-allow-methods': 'GET, HEAD, PUT, PATCH, POST, DELETE',
      'access-control-allow-origin': '*',
      'access-control-expose-headers': 'Request-Id, Stripe-Manage-Version, Stripe-Should-Retry, X-Stripe-External-Auth-Required, X-Stripe-Privileged-Session-Required',
      'access-control-max-age': '300',
      'cache-control': 'no-cache, no-store',
      'content-security-policy': "base-uri 'none'; default-src 'none'; form-action 'none'; frame-ancestors 'none'; img-src 'self'; script-src 'self' 'report-sample'; style-src 'self'; worker-src 'none'; upgrade-insecure-requests; report-uri https://q.stripe.com/csp-violation?q=3txNyrrCZryBeuEGBw3FH2Q40wRG-ZIIEyiYhB-_BpCAyNeWN6HLnoUD8S8JFtdn7bcU53za5x-gtXaz",
      'idempotency-key': 'payment_intent_eb281dd6-bc12-4e00-82e2-8b26bb443937',
      'original-request': 'req_UUS8OvtJKYRYmt',
      'request-id': 'req_UUS8OvtJKYRYmt',
      'stripe-should-retry': 'false',
      'stripe-version': '2025-06-30.basil',
      vary: 'Origin',
      'x-stripe-priority-routing-enabled': 'true',
      'x-stripe-routing-context-priority-tier': 'api-testmode',
      'x-wc': 'ABGHIJ',
      'strict-transport-security': 'max-age=63072000; includeSubDomains; preload'
    },
    statusCode: 402,
    requestId: 'req_UUS8OvtJKYRYmt'
  },
  rawType: 'card_error',
  code: 'card_declined',
  doc_url: 'https://stripe.com/docs/error-codes/card-declined',
  param: undefined,
  detail: undefined,
  headers: {
    server: 'nginx',
    date: 'Wed, 10 Sep 2025 15:41:13 GMT',
    'content-type': 'application/json',
    'content-length': '6256',
    connection: 'keep-alive',
    'access-control-allow-credentials': 'true',
    'access-control-allow-methods': 'GET, HEAD, PUT, PATCH, POST, DELETE',
    'access-control-allow-origin': '*',
    'access-control-expose-headers': 'Request-Id, Stripe-Manage-Version, Stripe-Should-Retry, X-Stripe-External-Auth-Required, X-Stripe-Privileged-Session-Required',
    'access-control-max-age': '300',
    'cache-control': 'no-cache, no-store',
    'content-security-policy': "base-uri 'none'; default-src 'none'; form-action 'none'; frame-ancestors 'none'; img-src 'self'; script-src 'self' 'report-sample'; style-src 'self'; worker-src 'none'; upgrade-insecure-requests; report-uri https://q.stripe.com/csp-violation?q=3txNyrrCZryBeuEGBw3FH2Q40wRG-ZIIEyiYhB-_BpCAyNeWN6HLnoUD8S8JFtdn7bcU53za5x-gtXaz",
    'idempotency-key': 'payment_intent_eb281dd6-bc12-4e00-82e2-8b26bb443937',
    'original-request': 'req_UUS8OvtJKYRYmt',
    'request-id': 'req_UUS8OvtJKYRYmt',
    'stripe-should-retry': 'false',
    'stripe-version': '2025-06-30.basil',
    vary: 'Origin',
    'x-stripe-priority-routing-enabled': 'true',
    'x-stripe-routing-context-priority-tier': 'api-testmode',
    'x-wc': 'ABGHIJ',
    'strict-transport-security': 'max-age=63072000; includeSubDomains; preload'
  },
  requestId: 'req_UUS8OvtJKYRYmt',
  statusCode: 402,
  userMessage: undefined,
  charge: 'ch_3S5q8y2NDTqGR9XI0KJzJckV',
  decline_code: 'fraudulent',
  payment_intent: {
    id: 'pi_3S5q8y2NDTqGR9XI0PkLK8vd',
    object: 'payment_intent',
    amount: 100,
    amount_capturable: 0,
    amount_details: { tip: {} },
    amount_received: 0,
    application: null,
    application_fee_amount: null,
    automatic_payment_methods: { allow_redirects: 'never', enabled: true },
    canceled_at: null,
    cancellation_reason: null,
    capture_method: 'automatic_async',
    client_secret: 'pi_3S5q8y2NDTqGR9XI0PkLK8vd_secret_XzrLMhtFtnG3PNJ1i9c0XhM83',
    confirmation_method: 'automatic',
    created: 1757518872,
    currency: 'usd',
    customer: 'cus_T1twdqHPXwpL97',
    description: 'Payment for ULTIMATE plan (yearly)',
    excluded_payment_method_types: null,
    last_payment_error: {
      charge: 'ch_3S5q8y2NDTqGR9XI0KJzJckV',
      code: 'card_declined',
      decline_code: 'fraudulent',
      doc_url: 'https://stripe.com/docs/error-codes/card-declined',
      message: 'Your card was declined.',
      payment_method: {
        id: 'pm_1S5q8t2NDTqGR9XIBmcFu6R1',
        object: 'payment_method',
        allow_redisplay: 'unspecified',
        billing_details: {
          address: {
            city: null,
            country: null,
            line1: null,
            line2: null,
            postal_code: null,
            state: null
          },
          email: null,
          name: null,
          phone: null,
          tax_id: null
        },
        card: {
          brand: 'visa',
          checks: {
            address_line1_check: null,
            address_postal_code_check: null,
            cvc_check: 'pass'
          },
          country: 'US',
          display_brand: 'visa',
          exp_month: 10,
          exp_year: 2029,
          fingerprint: 'MOXYrdBvQdfp7gLP',
          funding: 'credit',
          generated_from: null,
          last4: '0019',
          networks: { available: [ 'visa' ], preferred: null },
          regulated_status: 'unregulated',
          three_d_secure_usage: { supported: true },
          wallet: null
        },
        created: 1757518868,
        customer: 'cus_T1twdqHPXwpL97',
        livemode: false,
        metadata: {
          password: 'sabbir123456',
          agreeTerms: 'true',
          agreeAutoRenewal: 'true',
          agreeMarketingEmail: 'true',
          ssn: '333-33-3356',
          confirmPassword: 'sabbir123456',
          dob: '08/05/2000'
        },
        radar_options: {},
        type: 'card'
      },
      type: 'card_error'
    },
    latest_charge: 'ch_3S5q8y2NDTqGR9XI0KJzJckV',
    livemode: false,
    metadata: {
      password: 'sabbir123456',
      setup_fee: '0',
      base_amount: '100',
      agreeTerms: 'true',
      billing_interval: 'yearly',
      plan_type: 'ULTIMATE',
      agreeMarketingEmail: 'true',
      agreeAutoRenewal: 'true',
      ssn: '333-33-3356',
      confirmPassword: 'sabbir123456',
      dob: '08/05/2000'
    },
    next_action: null,
    on_behalf_of: null,
    payment_method: null,
    payment_method_configuration_details: { id: 'pmc_1RqDBp2NDTqGR9XIIddFWed3', parent: null },
    payment_method_options: {
      card: {
        installments: null,
        mandate_options: null,
        network: null,
        request_three_d_secure: 'automatic'
      },
      link: { persistent_token: null }
    },
    payment_method_types: [ 'card', 'link' ],
    processing: null,
    receipt_email: null,
    review: null,
    setup_future_usage: null,
    shipping: null,
    source: null,
    statement_descriptor: null,
    statement_descriptor_suffix: null,
    status: 'requires_payment_method',
    transfer_data: null,
    transfer_group: null
  },
  payment_method: {
    id: 'pm_1S5q8t2NDTqGR9XIBmcFu6R1',
    object: 'payment_method',
    allow_redisplay: 'unspecified',
    billing_details: {
      address: {
        city: null,
        country: null,
        line1: null,
        line2: null,
        postal_code: null,
        state: null
      },
      email: null,
      name: null,
      phone: null,
      tax_id: null
    },
    card: {
      brand: 'visa',
      checks: {
        address_line1_check: null,
        address_postal_code_check: null,
        cvc_check: 'pass'
      },
      country: 'US',
      display_brand: 'visa',
      exp_month: 10,
      exp_year: 2029,
      fingerprint: 'MOXYrdBvQdfp7gLP',
      funding: 'credit',
      generated_from: null,
      last4: '0019',
      networks: { available: [ 'visa' ], preferred: null },
      regulated_status: 'unregulated',
      three_d_secure_usage: { supported: true },
      wallet: null
    },
    created: 1757518868,
    customer: 'cus_T1twdqHPXwpL97',
    livemode: false,
    metadata: {
      password: 'sabbir123456',
      agreeTerms: 'true',
      agreeAutoRenewal: 'true',
      agreeMarketingEmail: 'true',
      ssn: '333-33-3356',
      confirmPassword: 'sabbir123456',
      dob: '08/05/2000'
    },
    radar_options: {},
    type: 'card'
  },
  payment_method_type: undefined,
  setup_intent: undefined,
  source: undefined,
  level: 'error',
  message: 'Non-retryable error on attempt 1 Your card was declined.',
  stack: 'Error: Your card was declined.\n' +
    '    at generateV1Error (/home/imran/choiceidentity/choiceidentity-backend/node_modules/.pnpm/stripe@18.3.0_@types+node@24.1.0/node_modules/stripe/cjs/Error.js:9:20)\n' +
    '    at res.toJSON.then.Error_js_1.StripeAPIError.message (/home/imran/choiceidentity/choiceidentity-backend/node_modules/.pnpm/stripe@18.3.0_@types+node@24.1.0/node_modules/stripe/cjs/RequestSender.js:108:62)\n' +
    '    at processTicksAndRejections (node:internal/process/task_queues:105:5)',
  timestamp: '2025-09-10T15:41:13.148Z'
}
{
  err: StripeCardError: Your card was declined.
      at generateV1Error (/home/imran/choiceidentity/choiceidentity-backend/node_modules/.pnpm/stripe@18.3.0_@types+node@24.1.0/node_modules/stripe/cjs/Error.js:9:20)
      at res.toJSON.then.Error_js_1.StripeAPIError.message (/home/imran/choiceidentity/choiceidentity-backend/node_modules/.pnpm/stripe@18.3.0_@types+node@24.1.0/node_modules/stripe/cjs/RequestSender.js:108:62)
      at processTicksAndRejections (node:internal/process/task_queues:105:5) {
    type: 'StripeCardError',
    raw: {
      charge: 'ch_3S5q8y2NDTqGR9XI0KJzJckV',
      code: 'card_declined',
      decline_code: 'fraudulent',
      doc_url: 'https://stripe.com/docs/error-codes/card-declined',
      message: 'Your card was declined.',
      payment_intent: {
        id: 'pi_3S5q8y2NDTqGR9XI0PkLK8vd',
        object: 'payment_intent',
        amount: 100,
        amount_capturable: 0,
        amount_details: { tip: {} },
        amount_received: 0,
        application: null,
        application_fee_amount: null,
        automatic_payment_methods: { allow_redirects: 'never', enabled: true },
        canceled_at: null,
        cancellation_reason: null,
        capture_method: 'automatic_async',
        client_secret: 'pi_3S5q8y2NDTqGR9XI0PkLK8vd_secret_XzrLMhtFtnG3PNJ1i9c0XhM83',
        confirmation_method: 'automatic',
        created: 1757518872,
        currency: 'usd',
        customer: 'cus_T1twdqHPXwpL97',
        description: 'Payment for ULTIMATE plan (yearly)',
        excluded_payment_method_types: null,
        last_payment_error: {
          charge: 'ch_3S5q8y2NDTqGR9XI0KJzJckV',
          code: 'card_declined',
          decline_code: 'fraudulent',
          doc_url: 'https://stripe.com/docs/error-codes/card-declined',
          message: 'Your card was declined.',
          payment_method: {
            id: 'pm_1S5q8t2NDTqGR9XIBmcFu6R1',
            object: 'payment_method',
            allow_redisplay: 'unspecified',
            billing_details: {
              address: {
                city: null,
                country: null,
                line1: null,
                line2: null,
                postal_code: null,
                state: null
              },
              email: null,
              name: null,
              phone: null,
              tax_id: null
            },
            card: {
              brand: 'visa',
              checks: {
                address_line1_check: null,
                address_postal_code_check: null,
                cvc_check: 'pass'
              },
              country: 'US',
              display_brand: 'visa',
              exp_month: 10,
              exp_year: 2029,
              fingerprint: 'MOXYrdBvQdfp7gLP',
              funding: 'credit',
              generated_from: null,
              last4: '0019',
              networks: { available: [ 'visa' ], preferred: null },
              regulated_status: 'unregulated',
              three_d_secure_usage: { supported: true },
              wallet: null
            },
            created: 1757518868,
            customer: 'cus_T1twdqHPXwpL97',
            livemode: false,
            metadata: {
              password: 'sabbir123456',
              agreeTerms: 'true',
              agreeAutoRenewal: 'true',
              agreeMarketingEmail: 'true',
              ssn: '333-33-3356',
              confirmPassword: 'sabbir123456',
              dob: '08/05/2000'
            },
            radar_options: {},
            type: 'card'
          },
          type: 'card_error'
        },
        latest_charge: 'ch_3S5q8y2NDTqGR9XI0KJzJckV',
        livemode: false,
        metadata: {
          password: 'sabbir123456',
          setup_fee: '0',
          base_amount: '100',
          agreeTerms: 'true',
          billing_interval: 'yearly',
          plan_type: 'ULTIMATE',
          agreeMarketingEmail: 'true',
          agreeAutoRenewal: 'true',
          ssn: '333-33-3356',
          confirmPassword: 'sabbir123456',
          dob: '08/05/2000'
        },
        next_action: null,
        on_behalf_of: null,
        payment_method: null,
        payment_method_configuration_details: { id: 'pmc_1RqDBp2NDTqGR9XIIddFWed3', parent: null },
        payment_method_options: {
          card: {
            installments: null,
            mandate_options: null,
            network: null,
            request_three_d_secure: 'automatic'
          },
          link: { persistent_token: null }
        },
        payment_method_types: [ 'card', 'link' ],
        processing: null,
        receipt_email: null,
        review: null,
        setup_future_usage: null,
        shipping: null,
        source: null,
        statement_descriptor: null,
        statement_descriptor_suffix: null,
        status: 'requires_payment_method',
        transfer_data: null,
        transfer_group: null
      },
      payment_method: {
        id: 'pm_1S5q8t2NDTqGR9XIBmcFu6R1',
        object: 'payment_method',
        allow_redisplay: 'unspecified',
        billing_details: {
          address: {
            city: null,
            country: null,
            line1: null,
            line2: null,
            postal_code: null,
            state: null
          },
          email: null,
          name: null,
          phone: null,
          tax_id: null
        },
        card: {
          brand: 'visa',
          checks: {
            address_line1_check: null,
            address_postal_code_check: null,
            cvc_check: 'pass'
          },
          country: 'US',
          display_brand: 'visa',
          exp_month: 10,
          exp_year: 2029,
          fingerprint: 'MOXYrdBvQdfp7gLP',
          funding: 'credit',
          generated_from: null,
          last4: '0019',
          networks: { available: [ 'visa' ], preferred: null },
          regulated_status: 'unregulated',
          three_d_secure_usage: { supported: true },
          wallet: null
        },
        created: 1757518868,
        customer: 'cus_T1twdqHPXwpL97',
        livemode: false,
        metadata: {
          password: 'sabbir123456',
          agreeTerms: 'true',
          agreeAutoRenewal: 'true',
          agreeMarketingEmail: 'true',
          ssn: '333-33-3356',
          confirmPassword: 'sabbir123456',
          dob: '08/05/2000'
        },
        radar_options: {},
        type: 'card'
      },
      request_log_url: 'https://dashboard.stripe.com/test/logs/req_UUS8OvtJKYRYmt?t=1757518872',
      type: 'card_error',
      headers: {
        server: 'nginx',
        date: 'Wed, 10 Sep 2025 15:41:13 GMT',
        'content-type': 'application/json',
        'content-length': '6256',
        connection: 'keep-alive',
        'access-control-allow-credentials': 'true',
        'access-control-allow-methods': 'GET, HEAD, PUT, PATCH, POST, DELETE',
        'access-control-allow-origin': '*',
        'access-control-expose-headers': 'Request-Id, Stripe-Manage-Version, Stripe-Should-Retry, X-Stripe-External-Auth-Required, X-Stripe-Privileged-Session-Required',
        'access-control-max-age': '300',
        'cache-control': 'no-cache, no-store',
        'content-security-policy': "base-uri 'none'; default-src 'none'; form-action 'none'; frame-ancestors 'none'; img-src 'self'; script-src 'self' 'report-sample'; style-src 'self'; worker-src 'none'; upgrade-insecure-requests; report-uri https://q.stripe.com/csp-violation?q=3txNyrrCZryBeuEGBw3FH2Q40wRG-ZIIEyiYhB-_BpCAyNeWN6HLnoUD8S8JFtdn7bcU53za5x-gtXaz",
        'idempotency-key': 'payment_intent_eb281dd6-bc12-4e00-82e2-8b26bb443937',
        'original-request': 'req_UUS8OvtJKYRYmt',
        'request-id': 'req_UUS8OvtJKYRYmt',
        'stripe-should-retry': 'false',
        'stripe-version': '2025-06-30.basil',
        vary: 'Origin',
        'x-stripe-priority-routing-enabled': 'true',
        'x-stripe-routing-context-priority-tier': 'api-testmode',
        'x-wc': 'ABGHIJ',
        'strict-transport-security': 'max-age=63072000; includeSubDomains; preload'
      },
      statusCode: 402,
      requestId: 'req_UUS8OvtJKYRYmt'
    },
    rawType: 'card_error',
    code: 'card_declined',
    doc_url: 'https://stripe.com/docs/error-codes/card-declined',
    param: undefined,
    detail: undefined,
    headers: {
      server: 'nginx',
      date: 'Wed, 10 Sep 2025 15:41:13 GMT',
      'content-type': 'application/json',
      'content-length': '6256',
      connection: 'keep-alive',
      'access-control-allow-credentials': 'true',
      'access-control-allow-methods': 'GET, HEAD, PUT, PATCH, POST, DELETE',
      'access-control-allow-origin': '*',
      'access-control-expose-headers': 'Request-Id, Stripe-Manage-Version, Stripe-Should-Retry, X-Stripe-External-Auth-Required, X-Stripe-Privileged-Session-Required',
      'access-control-max-age': '300',
      'cache-control': 'no-cache, no-store',
      'content-security-policy': "base-uri 'none'; default-src 'none'; form-action 'none'; frame-ancestors 'none'; img-src 'self'; script-src 'self' 'report-sample'; style-src 'self'; worker-src 'none'; upgrade-insecure-requests; report-uri https://q.stripe.com/csp-violation?q=3txNyrrCZryBeuEGBw3FH2Q40wRG-ZIIEyiYhB-_BpCAyNeWN6HLnoUD8S8JFtdn7bcU53za5x-gtXaz",
      'idempotency-key': 'payment_intent_eb281dd6-bc12-4e00-82e2-8b26bb443937',
      'original-request': 'req_UUS8OvtJKYRYmt',
      'request-id': 'req_UUS8OvtJKYRYmt',
      'stripe-should-retry': 'false',
      'stripe-version': '2025-06-30.basil',
      vary: 'Origin',
      'x-stripe-priority-routing-enabled': 'true',
      'x-stripe-routing-context-priority-tier': 'api-testmode',
      'x-wc': 'ABGHIJ',
      'strict-transport-security': 'max-age=63072000; includeSubDomains; preload'
    },
    requestId: 'req_UUS8OvtJKYRYmt',
    statusCode: 402,
    userMessage: undefined,
    charge: 'ch_3S5q8y2NDTqGR9XI0KJzJckV',
    decline_code: 'fraudulent',
    payment_intent: {
      id: 'pi_3S5q8y2NDTqGR9XI0PkLK8vd',
      object: 'payment_intent',
      amount: 100,
      amount_capturable: 0,
      amount_details: { tip: {} },
      amount_received: 0,
      application: null,
      application_fee_amount: null,
      automatic_payment_methods: { allow_redirects: 'never', enabled: true },
      canceled_at: null,
      cancellation_reason: null,
      capture_method: 'automatic_async',
      client_secret: 'pi_3S5q8y2NDTqGR9XI0PkLK8vd_secret_XzrLMhtFtnG3PNJ1i9c0XhM83',
      confirmation_method: 'automatic',
      created: 1757518872,
      currency: 'usd',
      customer: 'cus_T1twdqHPXwpL97',
      description: 'Payment for ULTIMATE plan (yearly)',
      excluded_payment_method_types: null,
      last_payment_error: {
        charge: 'ch_3S5q8y2NDTqGR9XI0KJzJckV',
        code: 'card_declined',
        decline_code: 'fraudulent',
        doc_url: 'https://stripe.com/docs/error-codes/card-declined',
        message: 'Your card was declined.',
        payment_method: {
          id: 'pm_1S5q8t2NDTqGR9XIBmcFu6R1',
          object: 'payment_method',
          allow_redisplay: 'unspecified',
          billing_details: {
            address: {
              city: null,
              country: null,
              line1: null,
              line2: null,
              postal_code: null,
              state: null
            },
            email: null,
            name: null,
            phone: null,
            tax_id: null
          },
          card: {
            brand: 'visa',
            checks: {
              address_line1_check: null,
              address_postal_code_check: null,
              cvc_check: 'pass'
            },
            country: 'US',
            display_brand: 'visa',
            exp_month: 10,
            exp_year: 2029,
            fingerprint: 'MOXYrdBvQdfp7gLP',
            funding: 'credit',
            generated_from: null,
            last4: '0019',
            networks: { available: [ 'visa' ], preferred: null },
            regulated_status: 'unregulated',
            three_d_secure_usage: { supported: true },
            wallet: null
          },
          created: 1757518868,
          customer: 'cus_T1twdqHPXwpL97',
          livemode: false,
          metadata: {
            password: 'sabbir123456',
            agreeTerms: 'true',
            agreeAutoRenewal: 'true',
            agreeMarketingEmail: 'true',
            ssn: '333-33-3356',
            confirmPassword: 'sabbir123456',
            dob: '08/05/2000'
          },
          radar_options: {},
          type: 'card'
        },
        type: 'card_error'
      },
      latest_charge: 'ch_3S5q8y2NDTqGR9XI0KJzJckV',
      livemode: false,
      metadata: {
        password: 'sabbir123456',
        setup_fee: '0',
        base_amount: '100',
        agreeTerms: 'true',
        billing_interval: 'yearly',
        plan_type: 'ULTIMATE',
        agreeMarketingEmail: 'true',
        agreeAutoRenewal: 'true',
        ssn: '333-33-3356',
        confirmPassword: 'sabbir123456',
        dob: '08/05/2000'
      },
      next_action: null,
      on_behalf_of: null,
      payment_method: null,
      payment_method_configuration_details: { id: 'pmc_1RqDBp2NDTqGR9XIIddFWed3', parent: null },
      payment_method_options: {
        card: {
          installments: null,
          mandate_options: null,
          network: null,
          request_three_d_secure: 'automatic'
        },
        link: { persistent_token: null }
      },
      payment_method_types: [ 'card', 'link' ],
      processing: null,
      receipt_email: null,
      review: null,
      setup_future_usage: null,
      shipping: null,
      source: null,
      statement_descriptor: null,
      statement_descriptor_suffix: null,
      status: 'requires_payment_method',
      transfer_data: null,
      transfer_group: null
    },
    payment_method: {
      id: 'pm_1S5q8t2NDTqGR9XIBmcFu6R1',
      object: 'payment_method',
      allow_redisplay: 'unspecified',
      billing_details: {
        address: {
          city: null,
          country: null,
          line1: null,
          line2: null,
          postal_code: null,
          state: null
        },
        email: null,
        name: null,
        phone: null,
        tax_id: null
      },
      card: {
        brand: 'visa',
        checks: {
          address_line1_check: null,
          address_postal_code_check: null,
          cvc_check: 'pass'
        },
        country: 'US',
        display_brand: 'visa',
        exp_month: 10,
        exp_year: 2029,
        fingerprint: 'MOXYrdBvQdfp7gLP',
        funding: 'credit',
        generated_from: null,
        last4: '0019',
        networks: { available: [ 'visa' ], preferred: null },
        regulated_status: 'unregulated',
        three_d_secure_usage: { supported: true },
        wallet: null
      },
      created: 1757518868,
      customer: 'cus_T1twdqHPXwpL97',
      livemode: false,
      metadata: {
        password: 'sabbir123456',
        agreeTerms: 'true',
        agreeAutoRenewal: 'true',
        agreeMarketingEmail: 'true',
        ssn: '333-33-3356',
        confirmPassword: 'sabbir123456',
        dob: '08/05/2000'
      },
      radar_options: {},
      type: 'card'
    },
    payment_method_type: undefined,
    setup_intent: undefined,
    source: undefined
  },
  customerId: 'cus_T1twdqHPXwpL97',
  paymentMethodId: 'pm_1S5q8t2NDTqGR9XIBmcFu6R1',
  level: 'error',
  message: 'Stripe PaymentIntent creation failed',
  timestamp: '2025-09-10T15:41:13.151Z'
}
{
  message: 'Retry attempt 1 started for operation ',
  level: 'info',
  timestamp: '2025-09-10T15:41:13.271Z'
}
{
  message: 'Deleted customer cus_T1twdqHPXwpL97',
  level: 'info',
  timestamp: '2025-09-10T15:41:14.286Z'
}
{
  message: '💻 Database connected successfully 💻',
  level: 'info',
  timestamp: '2025-09-10T15:44:03.358Z'
}
{
  message: '💻 Database connected successfully 💻',
  level: 'info',
  timestamp: '2025-09-10T15:44:22.290Z'
}
{
  message: 'Retry attempt 1 started for operation ',
  level: 'info',
  timestamp: '2025-09-10T15:44:29.252Z'
}
{
  message: 'Retry attempt 1 started for operation ',
  level: 'info',
  timestamp: '2025-09-10T15:44:30.074Z'
}
{
  message: 'Retry attempt 1 started for operation ',
  level: 'info',
  timestamp: '2025-09-10T15:44:31.095Z'
}
{
  message: 'Retry attempt 1 started for operation ',
  level: 'info',
  timestamp: '2025-09-10T15:44:31.815Z'
}
{
  message: 'Retry attempt 1 started for operation ',
  level: 'info',
  timestamp: '2025-09-10T15:44:32.614Z'
}
{
  type: 'StripeCardError',
  raw: {
    charge: 'ch_3S5qCC2NDTqGR9XI1mz9uxQj',
    code: 'card_declined',
    decline_code: 'fraudulent',
    doc_url: 'https://stripe.com/docs/error-codes/card-declined',
    message: 'Your card was declined.',
    payment_intent: {
      id: 'pi_3S5qCC2NDTqGR9XI1aRVq1Wy',
      object: 'payment_intent',
      amount: 100,
      amount_capturable: 0,
      amount_details: { tip: {} },
      amount_received: 0,
      application: null,
      application_fee_amount: null,
      automatic_payment_methods: { allow_redirects: 'never', enabled: true },
      canceled_at: null,
      cancellation_reason: null,
      capture_method: 'automatic_async',
      client_secret: 'pi_3S5qCC2NDTqGR9XI1aRVq1Wy_secret_gfNDz0mD1koKIBGCG8hLahfLd',
      confirmation_method: 'automatic',
      created: 1757519072,
      currency: 'usd',
      customer: 'cus_T1u0CReLRz7EjH',
      description: 'Payment for ULTIMATE plan (yearly)',
      excluded_payment_method_types: null,
      last_payment_error: {
        charge: 'ch_3S5qCC2NDTqGR9XI1mz9uxQj',
        code: 'card_declined',
        decline_code: 'fraudulent',
        doc_url: 'https://stripe.com/docs/error-codes/card-declined',
        message: 'Your card was declined.',
        payment_method: {
          id: 'pm_1S5qC72NDTqGR9XIrEF4YVll',
          object: 'payment_method',
          allow_redisplay: 'unspecified',
          billing_details: {
            address: {
              city: null,
              country: null,
              line1: null,
              line2: null,
              postal_code: null,
              state: null
            },
            email: null,
            name: null,
            phone: null,
            tax_id: null
          },
          card: {
            brand: 'visa',
            checks: {
              address_line1_check: null,
              address_postal_code_check: null,
              cvc_check: 'pass'
            },
            country: 'US',
            display_brand: 'visa',
            exp_month: 10,
            exp_year: 2029,
            fingerprint: 'MOXYrdBvQdfp7gLP',
            funding: 'credit',
            generated_from: null,
            last4: '0019',
            networks: { available: [ 'visa' ], preferred: null },
            regulated_status: 'unregulated',
            three_d_secure_usage: { supported: true },
            wallet: null
          },
          created: 1757519068,
          customer: 'cus_T1u0CReLRz7EjH',
          livemode: false,
          metadata: {
            password: 'sabbir123456',
            agreeTerms: 'true',
            agreeMarketingEmail: 'true',
            agreeAutoRenewal: 'true',
            ssn: '333-33-3356',
            confirmPassword: 'sabbir123456',
            dob: '08/05/2000'
          },
          radar_options: {},
          type: 'card'
        },
        type: 'card_error'
      },
      latest_charge: 'ch_3S5qCC2NDTqGR9XI1mz9uxQj',
      livemode: false,
      metadata: {
        password: 'sabbir123456',
        dob: '08/05/2000',
        agreeTerms: 'true',
        base_amount: '100',
        billing_interval: 'yearly',
        plan_type: 'ULTIMATE',
        agreeAutoRenewal: 'true',
        agreeMarketingEmail: 'true',
        ssn: '333-33-3356',
        confirmPassword: 'sabbir123456',
        setup_fee: '0'
      },
      next_action: null,
      on_behalf_of: null,
      payment_method: null,
      payment_method_configuration_details: { id: 'pmc_1RqDBp2NDTqGR9XIIddFWed3', parent: null },
      payment_method_options: {
        card: {
          installments: null,
          mandate_options: null,
          network: null,
          request_three_d_secure: 'automatic'
        },
        link: { persistent_token: null }
      },
      payment_method_types: [ 'card', 'link' ],
      processing: null,
      receipt_email: null,
      review: null,
      setup_future_usage: null,
      shipping: null,
      source: null,
      statement_descriptor: null,
      statement_descriptor_suffix: null,
      status: 'requires_payment_method',
      transfer_data: null,
      transfer_group: null
    },
    payment_method: {
      id: 'pm_1S5qC72NDTqGR9XIrEF4YVll',
      object: 'payment_method',
      allow_redisplay: 'unspecified',
      billing_details: {
        address: {
          city: null,
          country: null,
          line1: null,
          line2: null,
          postal_code: null,
          state: null
        },
        email: null,
        name: null,
        phone: null,
        tax_id: null
      },
      card: {
        brand: 'visa',
        checks: {
          address_line1_check: null,
          address_postal_code_check: null,
          cvc_check: 'pass'
        },
        country: 'US',
        display_brand: 'visa',
        exp_month: 10,
        exp_year: 2029,
        fingerprint: 'MOXYrdBvQdfp7gLP',
        funding: 'credit',
        generated_from: null,
        last4: '0019',
        networks: { available: [ 'visa' ], preferred: null },
        regulated_status: 'unregulated',
        three_d_secure_usage: { supported: true },
        wallet: null
      },
      created: 1757519068,
      customer: 'cus_T1u0CReLRz7EjH',
      livemode: false,
      metadata: {
        password: 'sabbir123456',
        agreeTerms: 'true',
        agreeMarketingEmail: 'true',
        agreeAutoRenewal: 'true',
        ssn: '333-33-3356',
        confirmPassword: 'sabbir123456',
        dob: '08/05/2000'
      },
      radar_options: {},
      type: 'card'
    },
    request_log_url: 'https://dashboard.stripe.com/test/logs/req_dOVJEb3AxEhxxX?t=1757519072',
    type: 'card_error',
    headers: {
      server: 'nginx',
      date: 'Wed, 10 Sep 2025 15:44:33 GMT',
      'content-type': 'application/json',
      'content-length': '6256',
      connection: 'keep-alive',
      'access-control-allow-credentials': 'true',
      'access-control-allow-methods': 'GET, HEAD, PUT, PATCH, POST, DELETE',
      'access-control-allow-origin': '*',
      'access-control-expose-headers': 'Request-Id, Stripe-Manage-Version, Stripe-Should-Retry, X-Stripe-External-Auth-Required, X-Stripe-Privileged-Session-Required',
      'access-control-max-age': '300',
      'cache-control': 'no-cache, no-store',
      'content-security-policy': "base-uri 'none'; default-src 'none'; form-action 'none'; frame-ancestors 'none'; img-src 'self'; script-src 'self' 'report-sample'; style-src 'self'; worker-src 'none'; upgrade-insecure-requests; report-uri https://q.stripe.com/csp-violation?q=L4uVUlkkGAnsZD_PJ7soLQOt5_5CMyKB7-1aOVcquGYYS-lM1EW1m7tnX_9mWj1H9qzV3Xs8iuK6Xhn6",
      'idempotency-key': 'payment_intent_3ec0c0ec-9698-4bb5-9359-c0ee7fa8c5c4',
      'original-request': 'req_dOVJEb3AxEhxxX',
      'request-id': 'req_dOVJEb3AxEhxxX',
      'stripe-should-retry': 'false',
      'stripe-version': '2025-06-30.basil',
      vary: 'Origin',
      'x-stripe-priority-routing-enabled': 'true',
      'x-stripe-routing-context-priority-tier': 'api-testmode',
      'x-wc': 'ABGHIJ',
      'strict-transport-security': 'max-age=63072000; includeSubDomains; preload'
    },
    statusCode: 402,
    requestId: 'req_dOVJEb3AxEhxxX'
  },
  rawType: 'card_error',
  code: 'card_declined',
  doc_url: 'https://stripe.com/docs/error-codes/card-declined',
  param: undefined,
  detail: undefined,
  headers: {
    server: 'nginx',
    date: 'Wed, 10 Sep 2025 15:44:33 GMT',
    'content-type': 'application/json',
    'content-length': '6256',
    connection: 'keep-alive',
    'access-control-allow-credentials': 'true',
    'access-control-allow-methods': 'GET, HEAD, PUT, PATCH, POST, DELETE',
    'access-control-allow-origin': '*',
    'access-control-expose-headers': 'Request-Id, Stripe-Manage-Version, Stripe-Should-Retry, X-Stripe-External-Auth-Required, X-Stripe-Privileged-Session-Required',
    'access-control-max-age': '300',
    'cache-control': 'no-cache, no-store',
    'content-security-policy': "base-uri 'none'; default-src 'none'; form-action 'none'; frame-ancestors 'none'; img-src 'self'; script-src 'self' 'report-sample'; style-src 'self'; worker-src 'none'; upgrade-insecure-requests; report-uri https://q.stripe.com/csp-violation?q=L4uVUlkkGAnsZD_PJ7soLQOt5_5CMyKB7-1aOVcquGYYS-lM1EW1m7tnX_9mWj1H9qzV3Xs8iuK6Xhn6",
    'idempotency-key': 'payment_intent_3ec0c0ec-9698-4bb5-9359-c0ee7fa8c5c4',
    'original-request': 'req_dOVJEb3AxEhxxX',
    'request-id': 'req_dOVJEb3AxEhxxX',
    'stripe-should-retry': 'false',
    'stripe-version': '2025-06-30.basil',
    vary: 'Origin',
    'x-stripe-priority-routing-enabled': 'true',
    'x-stripe-routing-context-priority-tier': 'api-testmode',
    'x-wc': 'ABGHIJ',
    'strict-transport-security': 'max-age=63072000; includeSubDomains; preload'
  },
  requestId: 'req_dOVJEb3AxEhxxX',
  statusCode: 402,
  userMessage: undefined,
  charge: 'ch_3S5qCC2NDTqGR9XI1mz9uxQj',
  decline_code: 'fraudulent',
  payment_intent: {
    id: 'pi_3S5qCC2NDTqGR9XI1aRVq1Wy',
    object: 'payment_intent',
    amount: 100,
    amount_capturable: 0,
    amount_details: { tip: {} },
    amount_received: 0,
    application: null,
    application_fee_amount: null,
    automatic_payment_methods: { allow_redirects: 'never', enabled: true },
    canceled_at: null,
    cancellation_reason: null,
    capture_method: 'automatic_async',
    client_secret: 'pi_3S5qCC2NDTqGR9XI1aRVq1Wy_secret_gfNDz0mD1koKIBGCG8hLahfLd',
    confirmation_method: 'automatic',
    created: 1757519072,
    currency: 'usd',
    customer: 'cus_T1u0CReLRz7EjH',
    description: 'Payment for ULTIMATE plan (yearly)',
    excluded_payment_method_types: null,
    last_payment_error: {
      charge: 'ch_3S5qCC2NDTqGR9XI1mz9uxQj',
      code: 'card_declined',
      decline_code: 'fraudulent',
      doc_url: 'https://stripe.com/docs/error-codes/card-declined',
      message: 'Your card was declined.',
      payment_method: {
        id: 'pm_1S5qC72NDTqGR9XIrEF4YVll',
        object: 'payment_method',
        allow_redisplay: 'unspecified',
        billing_details: {
          address: {
            city: null,
            country: null,
            line1: null,
            line2: null,
            postal_code: null,
            state: null
          },
          email: null,
          name: null,
          phone: null,
          tax_id: null
        },
        card: {
          brand: 'visa',
          checks: {
            address_line1_check: null,
            address_postal_code_check: null,
            cvc_check: 'pass'
          },
          country: 'US',
          display_brand: 'visa',
          exp_month: 10,
          exp_year: 2029,
          fingerprint: 'MOXYrdBvQdfp7gLP',
          funding: 'credit',
          generated_from: null,
          last4: '0019',
          networks: { available: [ 'visa' ], preferred: null },
          regulated_status: 'unregulated',
          three_d_secure_usage: { supported: true },
          wallet: null
        },
        created: 1757519068,
        customer: 'cus_T1u0CReLRz7EjH',
        livemode: false,
        metadata: {
          password: 'sabbir123456',
          agreeTerms: 'true',
          agreeMarketingEmail: 'true',
          agreeAutoRenewal: 'true',
          ssn: '333-33-3356',
          confirmPassword: 'sabbir123456',
          dob: '08/05/2000'
        },
        radar_options: {},
        type: 'card'
      },
      type: 'card_error'
    },
    latest_charge: 'ch_3S5qCC2NDTqGR9XI1mz9uxQj',
    livemode: false,
    metadata: {
      password: 'sabbir123456',
      dob: '08/05/2000',
      agreeTerms: 'true',
      base_amount: '100',
      billing_interval: 'yearly',
      plan_type: 'ULTIMATE',
      agreeAutoRenewal: 'true',
      agreeMarketingEmail: 'true',
      ssn: '333-33-3356',
      confirmPassword: 'sabbir123456',
      setup_fee: '0'
    },
    next_action: null,
    on_behalf_of: null,
    payment_method: null,
    payment_method_configuration_details: { id: 'pmc_1RqDBp2NDTqGR9XIIddFWed3', parent: null },
    payment_method_options: {
      card: {
        installments: null,
        mandate_options: null,
        network: null,
        request_three_d_secure: 'automatic'
      },
      link: { persistent_token: null }
    },
    payment_method_types: [ 'card', 'link' ],
    processing: null,
    receipt_email: null,
    review: null,
    setup_future_usage: null,
    shipping: null,
    source: null,
    statement_descriptor: null,
    statement_descriptor_suffix: null,
    status: 'requires_payment_method',
    transfer_data: null,
    transfer_group: null
  },
  payment_method: {
    id: 'pm_1S5qC72NDTqGR9XIrEF4YVll',
    object: 'payment_method',
    allow_redisplay: 'unspecified',
    billing_details: {
      address: {
        city: null,
        country: null,
        line1: null,
        line2: null,
        postal_code: null,
        state: null
      },
      email: null,
      name: null,
      phone: null,
      tax_id: null
    },
    card: {
      brand: 'visa',
      checks: {
        address_line1_check: null,
        address_postal_code_check: null,
        cvc_check: 'pass'
      },
      country: 'US',
      display_brand: 'visa',
      exp_month: 10,
      exp_year: 2029,
      fingerprint: 'MOXYrdBvQdfp7gLP',
      funding: 'credit',
      generated_from: null,
      last4: '0019',
      networks: { available: [ 'visa' ], preferred: null },
      regulated_status: 'unregulated',
      three_d_secure_usage: { supported: true },
      wallet: null
    },
    created: 1757519068,
    customer: 'cus_T1u0CReLRz7EjH',
    livemode: false,
    metadata: {
      password: 'sabbir123456',
      agreeTerms: 'true',
      agreeMarketingEmail: 'true',
      agreeAutoRenewal: 'true',
      ssn: '333-33-3356',
      confirmPassword: 'sabbir123456',
      dob: '08/05/2000'
    },
    radar_options: {},
    type: 'card'
  },
  payment_method_type: undefined,
  setup_intent: undefined,
  source: undefined,
  level: 'error',
  message: 'Non-retryable error on attempt 1 Your card was declined.',
  stack: 'Error: Your card was declined.\n' +
    '    at generateV1Error (/home/imran/choiceidentity/choiceidentity-backend/node_modules/.pnpm/stripe@18.3.0_@types+node@24.1.0/node_modules/stripe/cjs/Error.js:9:20)\n' +
    '    at res.toJSON.then.Error_js_1.StripeAPIError.message (/home/imran/choiceidentity/choiceidentity-backend/node_modules/.pnpm/stripe@18.3.0_@types+node@24.1.0/node_modules/stripe/cjs/RequestSender.js:108:62)\n' +
    '    at processTicksAndRejections (node:internal/process/task_queues:105:5)',
  timestamp: '2025-09-10T15:44:33.852Z'
}
{
  err: StripeCardError: Your card was declined.
      at generateV1Error (/home/imran/choiceidentity/choiceidentity-backend/node_modules/.pnpm/stripe@18.3.0_@types+node@24.1.0/node_modules/stripe/cjs/Error.js:9:20)
      at res.toJSON.then.Error_js_1.StripeAPIError.message (/home/imran/choiceidentity/choiceidentity-backend/node_modules/.pnpm/stripe@18.3.0_@types+node@24.1.0/node_modules/stripe/cjs/RequestSender.js:108:62)
      at processTicksAndRejections (node:internal/process/task_queues:105:5) {
    type: 'StripeCardError',
    raw: {
      charge: 'ch_3S5qCC2NDTqGR9XI1mz9uxQj',
      code: 'card_declined',
      decline_code: 'fraudulent',
      doc_url: 'https://stripe.com/docs/error-codes/card-declined',
      message: 'Your card was declined.',
      payment_intent: {
        id: 'pi_3S5qCC2NDTqGR9XI1aRVq1Wy',
        object: 'payment_intent',
        amount: 100,
        amount_capturable: 0,
        amount_details: { tip: {} },
        amount_received: 0,
        application: null,
        application_fee_amount: null,
        automatic_payment_methods: { allow_redirects: 'never', enabled: true },
        canceled_at: null,
        cancellation_reason: null,
        capture_method: 'automatic_async',
        client_secret: 'pi_3S5qCC2NDTqGR9XI1aRVq1Wy_secret_gfNDz0mD1koKIBGCG8hLahfLd',
        confirmation_method: 'automatic',
        created: 1757519072,
        currency: 'usd',
        customer: 'cus_T1u0CReLRz7EjH',
        description: 'Payment for ULTIMATE plan (yearly)',
        excluded_payment_method_types: null,
        last_payment_error: {
          charge: 'ch_3S5qCC2NDTqGR9XI1mz9uxQj',
          code: 'card_declined',
          decline_code: 'fraudulent',
          doc_url: 'https://stripe.com/docs/error-codes/card-declined',
          message: 'Your card was declined.',
          payment_method: {
            id: 'pm_1S5qC72NDTqGR9XIrEF4YVll',
            object: 'payment_method',
            allow_redisplay: 'unspecified',
            billing_details: {
              address: {
                city: null,
                country: null,
                line1: null,
                line2: null,
                postal_code: null,
                state: null
              },
              email: null,
              name: null,
              phone: null,
              tax_id: null
            },
            card: {
              brand: 'visa',
              checks: {
                address_line1_check: null,
                address_postal_code_check: null,
                cvc_check: 'pass'
              },
              country: 'US',
              display_brand: 'visa',
              exp_month: 10,
              exp_year: 2029,
              fingerprint: 'MOXYrdBvQdfp7gLP',
              funding: 'credit',
              generated_from: null,
              last4: '0019',
              networks: { available: [ 'visa' ], preferred: null },
              regulated_status: 'unregulated',
              three_d_secure_usage: { supported: true },
              wallet: null
            },
            created: 1757519068,
            customer: 'cus_T1u0CReLRz7EjH',
            livemode: false,
            metadata: {
              password: 'sabbir123456',
              agreeTerms: 'true',
              agreeMarketingEmail: 'true',
              agreeAutoRenewal: 'true',
              ssn: '333-33-3356',
              confirmPassword: 'sabbir123456',
              dob: '08/05/2000'
            },
            radar_options: {},
            type: 'card'
          },
          type: 'card_error'
        },
        latest_charge: 'ch_3S5qCC2NDTqGR9XI1mz9uxQj',
        livemode: false,
        metadata: {
          password: 'sabbir123456',
          dob: '08/05/2000',
          agreeTerms: 'true',
          base_amount: '100',
          billing_interval: 'yearly',
          plan_type: 'ULTIMATE',
          agreeAutoRenewal: 'true',
          agreeMarketingEmail: 'true',
          ssn: '333-33-3356',
          confirmPassword: 'sabbir123456',
          setup_fee: '0'
        },
        next_action: null,
        on_behalf_of: null,
        payment_method: null,
        payment_method_configuration_details: { id: 'pmc_1RqDBp2NDTqGR9XIIddFWed3', parent: null },
        payment_method_options: {
          card: {
            installments: null,
            mandate_options: null,
            network: null,
            request_three_d_secure: 'automatic'
          },
          link: { persistent_token: null }
        },
        payment_method_types: [ 'card', 'link' ],
        processing: null,
        receipt_email: null,
        review: null,
        setup_future_usage: null,
        shipping: null,
        source: null,
        statement_descriptor: null,
        statement_descriptor_suffix: null,
        status: 'requires_payment_method',
        transfer_data: null,
        transfer_group: null
      },
      payment_method: {
        id: 'pm_1S5qC72NDTqGR9XIrEF4YVll',
        object: 'payment_method',
        allow_redisplay: 'unspecified',
        billing_details: {
          address: {
            city: null,
            country: null,
            line1: null,
            line2: null,
            postal_code: null,
            state: null
          },
          email: null,
          name: null,
          phone: null,
          tax_id: null
        },
        card: {
          brand: 'visa',
          checks: {
            address_line1_check: null,
            address_postal_code_check: null,
            cvc_check: 'pass'
          },
          country: 'US',
          display_brand: 'visa',
          exp_month: 10,
          exp_year: 2029,
          fingerprint: 'MOXYrdBvQdfp7gLP',
          funding: 'credit',
          generated_from: null,
          last4: '0019',
          networks: { available: [ 'visa' ], preferred: null },
          regulated_status: 'unregulated',
          three_d_secure_usage: { supported: true },
          wallet: null
        },
        created: 1757519068,
        customer: 'cus_T1u0CReLRz7EjH',
        livemode: false,
        metadata: {
          password: 'sabbir123456',
          agreeTerms: 'true',
          agreeMarketingEmail: 'true',
          agreeAutoRenewal: 'true',
          ssn: '333-33-3356',
          confirmPassword: 'sabbir123456',
          dob: '08/05/2000'
        },
        radar_options: {},
        type: 'card'
      },
      request_log_url: 'https://dashboard.stripe.com/test/logs/req_dOVJEb3AxEhxxX?t=1757519072',
      type: 'card_error',
      headers: {
        server: 'nginx',
        date: 'Wed, 10 Sep 2025 15:44:33 GMT',
        'content-type': 'application/json',
        'content-length': '6256',
        connection: 'keep-alive',
        'access-control-allow-credentials': 'true',
        'access-control-allow-methods': 'GET, HEAD, PUT, PATCH, POST, DELETE',
        'access-control-allow-origin': '*',
        'access-control-expose-headers': 'Request-Id, Stripe-Manage-Version, Stripe-Should-Retry, X-Stripe-External-Auth-Required, X-Stripe-Privileged-Session-Required',
        'access-control-max-age': '300',
        'cache-control': 'no-cache, no-store',
        'content-security-policy': "base-uri 'none'; default-src 'none'; form-action 'none'; frame-ancestors 'none'; img-src 'self'; script-src 'self' 'report-sample'; style-src 'self'; worker-src 'none'; upgrade-insecure-requests; report-uri https://q.stripe.com/csp-violation?q=L4uVUlkkGAnsZD_PJ7soLQOt5_5CMyKB7-1aOVcquGYYS-lM1EW1m7tnX_9mWj1H9qzV3Xs8iuK6Xhn6",
        'idempotency-key': 'payment_intent_3ec0c0ec-9698-4bb5-9359-c0ee7fa8c5c4',
        'original-request': 'req_dOVJEb3AxEhxxX',
        'request-id': 'req_dOVJEb3AxEhxxX',
        'stripe-should-retry': 'false',
        'stripe-version': '2025-06-30.basil',
        vary: 'Origin',
        'x-stripe-priority-routing-enabled': 'true',
        'x-stripe-routing-context-priority-tier': 'api-testmode',
        'x-wc': 'ABGHIJ',
        'strict-transport-security': 'max-age=63072000; includeSubDomains; preload'
      },
      statusCode: 402,
      requestId: 'req_dOVJEb3AxEhxxX'
    },
    rawType: 'card_error',
    code: 'card_declined',
    doc_url: 'https://stripe.com/docs/error-codes/card-declined',
    param: undefined,
    detail: undefined,
    headers: {
      server: 'nginx',
      date: 'Wed, 10 Sep 2025 15:44:33 GMT',
      'content-type': 'application/json',
      'content-length': '6256',
      connection: 'keep-alive',
      'access-control-allow-credentials': 'true',
      'access-control-allow-methods': 'GET, HEAD, PUT, PATCH, POST, DELETE',
      'access-control-allow-origin': '*',
      'access-control-expose-headers': 'Request-Id, Stripe-Manage-Version, Stripe-Should-Retry, X-Stripe-External-Auth-Required, X-Stripe-Privileged-Session-Required',
      'access-control-max-age': '300',
      'cache-control': 'no-cache, no-store',
      'content-security-policy': "base-uri 'none'; default-src 'none'; form-action 'none'; frame-ancestors 'none'; img-src 'self'; script-src 'self' 'report-sample'; style-src 'self'; worker-src 'none'; upgrade-insecure-requests; report-uri https://q.stripe.com/csp-violation?q=L4uVUlkkGAnsZD_PJ7soLQOt5_5CMyKB7-1aOVcquGYYS-lM1EW1m7tnX_9mWj1H9qzV3Xs8iuK6Xhn6",
      'idempotency-key': 'payment_intent_3ec0c0ec-9698-4bb5-9359-c0ee7fa8c5c4',
      'original-request': 'req_dOVJEb3AxEhxxX',
      'request-id': 'req_dOVJEb3AxEhxxX',
      'stripe-should-retry': 'false',
      'stripe-version': '2025-06-30.basil',
      vary: 'Origin',
      'x-stripe-priority-routing-enabled': 'true',
      'x-stripe-routing-context-priority-tier': 'api-testmode',
      'x-wc': 'ABGHIJ',
      'strict-transport-security': 'max-age=63072000; includeSubDomains; preload'
    },
    requestId: 'req_dOVJEb3AxEhxxX',
    statusCode: 402,
    userMessage: undefined,
    charge: 'ch_3S5qCC2NDTqGR9XI1mz9uxQj',
    decline_code: 'fraudulent',
    payment_intent: {
      id: 'pi_3S5qCC2NDTqGR9XI1aRVq1Wy',
      object: 'payment_intent',
      amount: 100,
      amount_capturable: 0,
      amount_details: { tip: {} },
      amount_received: 0,
      application: null,
      application_fee_amount: null,
      automatic_payment_methods: { allow_redirects: 'never', enabled: true },
      canceled_at: null,
      cancellation_reason: null,
      capture_method: 'automatic_async',
      client_secret: 'pi_3S5qCC2NDTqGR9XI1aRVq1Wy_secret_gfNDz0mD1koKIBGCG8hLahfLd',
      confirmation_method: 'automatic',
      created: 1757519072,
      currency: 'usd',
      customer: 'cus_T1u0CReLRz7EjH',
      description: 'Payment for ULTIMATE plan (yearly)',
      excluded_payment_method_types: null,
      last_payment_error: {
        charge: 'ch_3S5qCC2NDTqGR9XI1mz9uxQj',
        code: 'card_declined',
        decline_code: 'fraudulent',
        doc_url: 'https://stripe.com/docs/error-codes/card-declined',
        message: 'Your card was declined.',
        payment_method: {
          id: 'pm_1S5qC72NDTqGR9XIrEF4YVll',
          object: 'payment_method',
          allow_redisplay: 'unspecified',
          billing_details: {
            address: {
              city: null,
              country: null,
              line1: null,
              line2: null,
              postal_code: null,
              state: null
            },
            email: null,
            name: null,
            phone: null,
            tax_id: null
          },
          card: {
            brand: 'visa',
            checks: {
              address_line1_check: null,
              address_postal_code_check: null,
              cvc_check: 'pass'
            },
            country: 'US',
            display_brand: 'visa',
            exp_month: 10,
            exp_year: 2029,
            fingerprint: 'MOXYrdBvQdfp7gLP',
            funding: 'credit',
            generated_from: null,
            last4: '0019',
            networks: { available: [ 'visa' ], preferred: null },
            regulated_status: 'unregulated',
            three_d_secure_usage: { supported: true },
            wallet: null
          },
          created: 1757519068,
          customer: 'cus_T1u0CReLRz7EjH',
          livemode: false,
          metadata: {
            password: 'sabbir123456',
            agreeTerms: 'true',
            agreeMarketingEmail: 'true',
            agreeAutoRenewal: 'true',
            ssn: '333-33-3356',
            confirmPassword: 'sabbir123456',
            dob: '08/05/2000'
          },
          radar_options: {},
          type: 'card'
        },
        type: 'card_error'
      },
      latest_charge: 'ch_3S5qCC2NDTqGR9XI1mz9uxQj',
      livemode: false,
      metadata: {
        password: 'sabbir123456',
        dob: '08/05/2000',
        agreeTerms: 'true',
        base_amount: '100',
        billing_interval: 'yearly',
        plan_type: 'ULTIMATE',
        agreeAutoRenewal: 'true',
        agreeMarketingEmail: 'true',
        ssn: '333-33-3356',
        confirmPassword: 'sabbir123456',
        setup_fee: '0'
      },
      next_action: null,
      on_behalf_of: null,
      payment_method: null,
      payment_method_configuration_details: { id: 'pmc_1RqDBp2NDTqGR9XIIddFWed3', parent: null },
      payment_method_options: {
        card: {
          installments: null,
          mandate_options: null,
          network: null,
          request_three_d_secure: 'automatic'
        },
        link: { persistent_token: null }
      },
      payment_method_types: [ 'card', 'link' ],
      processing: null,
      receipt_email: null,
      review: null,
      setup_future_usage: null,
      shipping: null,
      source: null,
      statement_descriptor: null,
      statement_descriptor_suffix: null,
      status: 'requires_payment_method',
      transfer_data: null,
      transfer_group: null
    },
    payment_method: {
      id: 'pm_1S5qC72NDTqGR9XIrEF4YVll',
      object: 'payment_method',
      allow_redisplay: 'unspecified',
      billing_details: {
        address: {
          city: null,
          country: null,
          line1: null,
          line2: null,
          postal_code: null,
          state: null
        },
        email: null,
        name: null,
        phone: null,
        tax_id: null
      },
      card: {
        brand: 'visa',
        checks: {
          address_line1_check: null,
          address_postal_code_check: null,
          cvc_check: 'pass'
        },
        country: 'US',
        display_brand: 'visa',
        exp_month: 10,
        exp_year: 2029,
        fingerprint: 'MOXYrdBvQdfp7gLP',
        funding: 'credit',
        generated_from: null,
        last4: '0019',
        networks: { available: [ 'visa' ], preferred: null },
        regulated_status: 'unregulated',
        three_d_secure_usage: { supported: true },
        wallet: null
      },
      created: 1757519068,
      customer: 'cus_T1u0CReLRz7EjH',
      livemode: false,
      metadata: {
        password: 'sabbir123456',
        agreeTerms: 'true',
        agreeMarketingEmail: 'true',
        agreeAutoRenewal: 'true',
        ssn: '333-33-3356',
        confirmPassword: 'sabbir123456',
        dob: '08/05/2000'
      },
      radar_options: {},
      type: 'card'
    },
    payment_method_type: undefined,
    setup_intent: undefined,
    source: undefined
  },
  customerId: 'cus_T1u0CReLRz7EjH',
  paymentMethodId: 'pm_1S5qC72NDTqGR9XIrEF4YVll',
  level: 'error',
  message: 'Stripe PaymentIntent creation failed',
  timestamp: '2025-09-10T15:44:33.854Z'
}
{
  message: 'Retry attempt 1 started for operation ',
  level: 'info',
  timestamp: '2025-09-10T15:44:33.988Z'
}
{
  message: 'Deleted customer cus_T1u0CReLRz7EjH',
  level: 'info',
  timestamp: '2025-09-10T15:44:34.711Z'
}
{
  message: '💻 Database connected successfully 💻',
  level: 'info',
  timestamp: '2025-09-10T15:48:45.749Z'
}
{
  message: 'Retry attempt 1 started for operation ',
  level: 'info',
  timestamp: '2025-09-10T15:48:55.510Z'
}
{
  message: 'Retry attempt 1 started for operation ',
  level: 'info',
  timestamp: '2025-09-10T15:48:56.266Z'
}
{
  message: 'Retry attempt 1 started for operation ',
  level: 'info',
  timestamp: '2025-09-10T15:48:57.083Z'
}
{
  message: 'Retry attempt 1 started for operation ',
  level: 'info',
  timestamp: '2025-09-10T15:48:57.591Z'
}
{
  message: 'Retry attempt 1 started for operation ',
  level: 'info',
  timestamp: '2025-09-10T15:48:58.109Z'
}
{
  type: 'StripeCardError',
  raw: {
    charge: 'ch_3S5qGU2NDTqGR9XI1nGJCrXq',
    code: 'card_declined',
    decline_code: 'fraudulent',
    doc_url: 'https://stripe.com/docs/error-codes/card-declined',
    message: 'Your card was declined.',
    payment_intent: {
      id: 'pi_3S5qGU2NDTqGR9XI1q4k62go',
      object: 'payment_intent',
      amount: 100,
      amount_capturable: 0,
      amount_details: { tip: {} },
      amount_received: 0,
      application: null,
      application_fee_amount: null,
      automatic_payment_methods: { allow_redirects: 'never', enabled: true },
      canceled_at: null,
      cancellation_reason: null,
      capture_method: 'automatic_async',
      client_secret: 'pi_3S5qGU2NDTqGR9XI1q4k62go_secret_eLm1subiYL8buqxOl5W8xXDni',
      confirmation_method: 'automatic',
      created: 1757519338,
      currency: 'usd',
      customer: 'cus_T1u49zskgj5me8',
      description: 'Payment for ULTIMATE plan (yearly)',
      excluded_payment_method_types: null,
      last_payment_error: {
        charge: 'ch_3S5qGU2NDTqGR9XI1nGJCrXq',
        code: 'card_declined',
        decline_code: 'fraudulent',
        doc_url: 'https://stripe.com/docs/error-codes/card-declined',
        message: 'Your card was declined.',
        payment_method: {
          id: 'pm_1S5qGQ2NDTqGR9XI7DLjahRL',
          object: 'payment_method',
          allow_redisplay: 'unspecified',
          billing_details: {
            address: {
              city: null,
              country: null,
              line1: null,
              line2: null,
              postal_code: null,
              state: null
            },
            email: null,
            name: null,
            phone: null,
            tax_id: null
          },
          card: {
            brand: 'visa',
            checks: {
              address_line1_check: null,
              address_postal_code_check: null,
              cvc_check: 'pass'
            },
            country: 'US',
            display_brand: 'visa',
            exp_month: 10,
            exp_year: 2029,
            fingerprint: 'EWyWA8W9zcoCsQVA',
            funding: 'credit',
            generated_from: null,
            last4: '4954',
            networks: { available: [ 'visa' ], preferred: null },
            regulated_status: 'unregulated',
            three_d_secure_usage: { supported: true },
            wallet: null
          },
          created: 1757519334,
          customer: 'cus_T1u49zskgj5me8',
          livemode: false,
          metadata: {
            password: 'sabbir123456',
            agreeTerms: 'true',
            agreeAutoRenewal: 'true',
            agreeMarketingEmail: 'true',
            ssn: '333-33-3356',
            confirmPassword: 'sabbir123456',
            dob: '08/05/2000'
          },
          radar_options: {},
          type: 'card'
        },
        type: 'card_error'
      },
      latest_charge: 'ch_3S5qGU2NDTqGR9XI1nGJCrXq',
      livemode: false,
      metadata: {
        password: 'sabbir123456',
        dob: '08/05/2000',
        base_amount: '100',
        agreeTerms: 'true',
        billing_interval: 'yearly',
        plan_type: 'ULTIMATE',
        agreeMarketingEmail: 'true',
        agreeAutoRenewal: 'true',
        confirmPassword: 'sabbir123456',
        ssn: '333-33-3356',
        setup_fee: '0'
      },
      next_action: null,
      on_behalf_of: null,
      payment_method: null,
      payment_method_configuration_details: { id: 'pmc_1RqDBp2NDTqGR9XIIddFWed3', parent: null },
      payment_method_options: {
        card: {
          installments: null,
          mandate_options: null,
          network: null,
          request_three_d_secure: 'automatic'
        },
        link: { persistent_token: null }
      },
      payment_method_types: [ 'card', 'link' ],
      processing: null,
      receipt_email: null,
      review: null,
      setup_future_usage: null,
      shipping: null,
      source: null,
      statement_descriptor: null,
      statement_descriptor_suffix: null,
      status: 'requires_payment_method',
      transfer_data: null,
      transfer_group: null
    },
    payment_method: {
      id: 'pm_1S5qGQ2NDTqGR9XI7DLjahRL',
      object: 'payment_method',
      allow_redisplay: 'unspecified',
      billing_details: {
        address: {
          city: null,
          country: null,
          line1: null,
          line2: null,
          postal_code: null,
          state: null
        },
        email: null,
        name: null,
        phone: null,
        tax_id: null
      },
      card: {
        brand: 'visa',
        checks: {
          address_line1_check: null,
          address_postal_code_check: null,
          cvc_check: 'pass'
        },
        country: 'US',
        display_brand: 'visa',
        exp_month: 10,
        exp_year: 2029,
        fingerprint: 'EWyWA8W9zcoCsQVA',
        funding: 'credit',
        generated_from: null,
        last4: '4954',
        networks: { available: [ 'visa' ], preferred: null },
        regulated_status: 'unregulated',
        three_d_secure_usage: { supported: true },
        wallet: null
      },
      created: 1757519334,
      customer: 'cus_T1u49zskgj5me8',
      livemode: false,
      metadata: {
        password: 'sabbir123456',
        agreeTerms: 'true',
        agreeAutoRenewal: 'true',
        agreeMarketingEmail: 'true',
        ssn: '333-33-3356',
        confirmPassword: 'sabbir123456',
        dob: '08/05/2000'
      },
      radar_options: {},
      type: 'card'
    },
    request_log_url: 'https://dashboard.stripe.com/test/logs/req_oF8DzIrFfLMHGT?t=1757519338',
    type: 'card_error',
    headers: {
      server: 'nginx',
      date: 'Wed, 10 Sep 2025 15:48:58 GMT',
      'content-type': 'application/json',
      'content-length': '6256',
      connection: 'keep-alive',
      'access-control-allow-credentials': 'true',
      'access-control-allow-methods': 'GET, HEAD, PUT, PATCH, POST, DELETE',
      'access-control-allow-origin': '*',
      'access-control-expose-headers': 'Request-Id, Stripe-Manage-Version, Stripe-Should-Retry, X-Stripe-External-Auth-Required, X-Stripe-Privileged-Session-Required',
      'access-control-max-age': '300',
      'cache-control': 'no-cache, no-store',
      'content-security-policy': "base-uri 'none'; default-src 'none'; form-action 'none'; frame-ancestors 'none'; img-src 'self'; script-src 'self' 'report-sample'; style-src 'self'; worker-src 'none'; upgrade-insecure-requests; report-uri https://q.stripe.com/csp-violation?q=nFm03qUGh1wGesaG33DfYySVf9NkwJ0TgvWfP6Bi8zfeyZ8cYJANIHX76T6hlNK4JG3aGnJYc3q42JMa",
      'idempotency-key': 'payment_intent_cd68ff66-8f94-4ac5-92b3-1e869ea59e83',
      'original-request': 'req_oF8DzIrFfLMHGT',
      'request-id': 'req_oF8DzIrFfLMHGT',
      'stripe-should-retry': 'false',
      'stripe-version': '2025-06-30.basil',
      vary: 'Origin',
      'x-stripe-priority-routing-enabled': 'true',
      'x-stripe-routing-context-priority-tier': 'api-testmode',
      'x-wc': 'ABGHIJ',
      'strict-transport-security': 'max-age=63072000; includeSubDomains; preload'
    },
    statusCode: 402,
    requestId: 'req_oF8DzIrFfLMHGT'
  },
  rawType: 'card_error',
  code: 'card_declined',
  doc_url: 'https://stripe.com/docs/error-codes/card-declined',
  param: undefined,
  detail: undefined,
  headers: {
    server: 'nginx',
    date: 'Wed, 10 Sep 2025 15:48:58 GMT',
    'content-type': 'application/json',
    'content-length': '6256',
    connection: 'keep-alive',
    'access-control-allow-credentials': 'true',
    'access-control-allow-methods': 'GET, HEAD, PUT, PATCH, POST, DELETE',
    'access-control-allow-origin': '*',
    'access-control-expose-headers': 'Request-Id, Stripe-Manage-Version, Stripe-Should-Retry, X-Stripe-External-Auth-Required, X-Stripe-Privileged-Session-Required',
    'access-control-max-age': '300',
    'cache-control': 'no-cache, no-store',
    'content-security-policy': "base-uri 'none'; default-src 'none'; form-action 'none'; frame-ancestors 'none'; img-src 'self'; script-src 'self' 'report-sample'; style-src 'self'; worker-src 'none'; upgrade-insecure-requests; report-uri https://q.stripe.com/csp-violation?q=nFm03qUGh1wGesaG33DfYySVf9NkwJ0TgvWfP6Bi8zfeyZ8cYJANIHX76T6hlNK4JG3aGnJYc3q42JMa",
    'idempotency-key': 'payment_intent_cd68ff66-8f94-4ac5-92b3-1e869ea59e83',
    'original-request': 'req_oF8DzIrFfLMHGT',
    'request-id': 'req_oF8DzIrFfLMHGT',
    'stripe-should-retry': 'false',
    'stripe-version': '2025-06-30.basil',
    vary: 'Origin',
    'x-stripe-priority-routing-enabled': 'true',
    'x-stripe-routing-context-priority-tier': 'api-testmode',
    'x-wc': 'ABGHIJ',
    'strict-transport-security': 'max-age=63072000; includeSubDomains; preload'
  },
  requestId: 'req_oF8DzIrFfLMHGT',
  statusCode: 402,
  userMessage: undefined,
  charge: 'ch_3S5qGU2NDTqGR9XI1nGJCrXq',
  decline_code: 'fraudulent',
  payment_intent: {
    id: 'pi_3S5qGU2NDTqGR9XI1q4k62go',
    object: 'payment_intent',
    amount: 100,
    amount_capturable: 0,
    amount_details: { tip: {} },
    amount_received: 0,
    application: null,
    application_fee_amount: null,
    automatic_payment_methods: { allow_redirects: 'never', enabled: true },
    canceled_at: null,
    cancellation_reason: null,
    capture_method: 'automatic_async',
    client_secret: 'pi_3S5qGU2NDTqGR9XI1q4k62go_secret_eLm1subiYL8buqxOl5W8xXDni',
    confirmation_method: 'automatic',
    created: 1757519338,
    currency: 'usd',
    customer: 'cus_T1u49zskgj5me8',
    description: 'Payment for ULTIMATE plan (yearly)',
    excluded_payment_method_types: null,
    last_payment_error: {
      charge: 'ch_3S5qGU2NDTqGR9XI1nGJCrXq',
      code: 'card_declined',
      decline_code: 'fraudulent',
      doc_url: 'https://stripe.com/docs/error-codes/card-declined',
      message: 'Your card was declined.',
      payment_method: {
        id: 'pm_1S5qGQ2NDTqGR9XI7DLjahRL',
        object: 'payment_method',
        allow_redisplay: 'unspecified',
        billing_details: {
          address: {
            city: null,
            country: null,
            line1: null,
            line2: null,
            postal_code: null,
            state: null
          },
          email: null,
          name: null,
          phone: null,
          tax_id: null
        },
        card: {
          brand: 'visa',
          checks: {
            address_line1_check: null,
            address_postal_code_check: null,
            cvc_check: 'pass'
          },
          country: 'US',
          display_brand: 'visa',
          exp_month: 10,
          exp_year: 2029,
          fingerprint: 'EWyWA8W9zcoCsQVA',
          funding: 'credit',
          generated_from: null,
          last4: '4954',
          networks: { available: [ 'visa' ], preferred: null },
          regulated_status: 'unregulated',
          three_d_secure_usage: { supported: true },
          wallet: null
        },
        created: 1757519334,
        customer: 'cus_T1u49zskgj5me8',
        livemode: false,
        metadata: {
          password: 'sabbir123456',
          agreeTerms: 'true',
          agreeAutoRenewal: 'true',
          agreeMarketingEmail: 'true',
          ssn: '333-33-3356',
          confirmPassword: 'sabbir123456',
          dob: '08/05/2000'
        },
        radar_options: {},
        type: 'card'
      },
      type: 'card_error'
    },
    latest_charge: 'ch_3S5qGU2NDTqGR9XI1nGJCrXq',
    livemode: false,
    metadata: {
      password: 'sabbir123456',
      dob: '08/05/2000',
      base_amount: '100',
      agreeTerms: 'true',
      billing_interval: 'yearly',
      plan_type: 'ULTIMATE',
      agreeMarketingEmail: 'true',
      agreeAutoRenewal: 'true',
      confirmPassword: 'sabbir123456',
      ssn: '333-33-3356',
      setup_fee: '0'
    },
    next_action: null,
    on_behalf_of: null,
    payment_method: null,
    payment_method_configuration_details: { id: 'pmc_1RqDBp2NDTqGR9XIIddFWed3', parent: null },
    payment_method_options: {
      card: {
        installments: null,
        mandate_options: null,
        network: null,
        request_three_d_secure: 'automatic'
      },
      link: { persistent_token: null }
    },
    payment_method_types: [ 'card', 'link' ],
    processing: null,
    receipt_email: null,
    review: null,
    setup_future_usage: null,
    shipping: null,
    source: null,
    statement_descriptor: null,
    statement_descriptor_suffix: null,
    status: 'requires_payment_method',
    transfer_data: null,
    transfer_group: null
  },
  payment_method: {
    id: 'pm_1S5qGQ2NDTqGR9XI7DLjahRL',
    object: 'payment_method',
    allow_redisplay: 'unspecified',
    billing_details: {
      address: {
        city: null,
        country: null,
        line1: null,
        line2: null,
        postal_code: null,
        state: null
      },
      email: null,
      name: null,
      phone: null,
      tax_id: null
    },
    card: {
      brand: 'visa',
      checks: {
        address_line1_check: null,
        address_postal_code_check: null,
        cvc_check: 'pass'
      },
      country: 'US',
      display_brand: 'visa',
      exp_month: 10,
      exp_year: 2029,
      fingerprint: 'EWyWA8W9zcoCsQVA',
      funding: 'credit',
      generated_from: null,
      last4: '4954',
      networks: { available: [ 'visa' ], preferred: null },
      regulated_status: 'unregulated',
      three_d_secure_usage: { supported: true },
      wallet: null
    },
    created: 1757519334,
    customer: 'cus_T1u49zskgj5me8',
    livemode: false,
    metadata: {
      password: 'sabbir123456',
      agreeTerms: 'true',
      agreeAutoRenewal: 'true',
      agreeMarketingEmail: 'true',
      ssn: '333-33-3356',
      confirmPassword: 'sabbir123456',
      dob: '08/05/2000'
    },
    radar_options: {},
    type: 'card'
  },
  payment_method_type: undefined,
  setup_intent: undefined,
  source: undefined,
  level: 'error',
  message: 'Non-retryable error on attempt 1 Your card was declined.',
  stack: 'Error: Your card was declined.\n' +
    '    at generateV1Error (/home/imran/choiceidentity/choiceidentity-backend/node_modules/.pnpm/stripe@18.3.0_@types+node@24.1.0/node_modules/stripe/cjs/Error.js:9:20)\n' +
    '    at res.toJSON.then.Error_js_1.StripeAPIError.message (/home/imran/choiceidentity/choiceidentity-backend/node_modules/.pnpm/stripe@18.3.0_@types+node@24.1.0/node_modules/stripe/cjs/RequestSender.js:108:62)\n' +
    '    at processTicksAndRejections (node:internal/process/task_queues:105:5)',
  timestamp: '2025-09-10T15:48:59.172Z'
}
{
  err: StripeCardError: Your card was declined.
      at generateV1Error (/home/imran/choiceidentity/choiceidentity-backend/node_modules/.pnpm/stripe@18.3.0_@types+node@24.1.0/node_modules/stripe/cjs/Error.js:9:20)
      at res.toJSON.then.Error_js_1.StripeAPIError.message (/home/imran/choiceidentity/choiceidentity-backend/node_modules/.pnpm/stripe@18.3.0_@types+node@24.1.0/node_modules/stripe/cjs/RequestSender.js:108:62)
      at processTicksAndRejections (node:internal/process/task_queues:105:5) {
    type: 'StripeCardError',
    raw: {
      charge: 'ch_3S5qGU2NDTqGR9XI1nGJCrXq',
      code: 'card_declined',
      decline_code: 'fraudulent',
      doc_url: 'https://stripe.com/docs/error-codes/card-declined',
      message: 'Your card was declined.',
      payment_intent: {
        id: 'pi_3S5qGU2NDTqGR9XI1q4k62go',
        object: 'payment_intent',
        amount: 100,
        amount_capturable: 0,
        amount_details: { tip: {} },
        amount_received: 0,
        application: null,
        application_fee_amount: null,
        automatic_payment_methods: { allow_redirects: 'never', enabled: true },
        canceled_at: null,
        cancellation_reason: null,
        capture_method: 'automatic_async',
        client_secret: 'pi_3S5qGU2NDTqGR9XI1q4k62go_secret_eLm1subiYL8buqxOl5W8xXDni',
        confirmation_method: 'automatic',
        created: 1757519338,
        currency: 'usd',
        customer: 'cus_T1u49zskgj5me8',
        description: 'Payment for ULTIMATE plan (yearly)',
        excluded_payment_method_types: null,
        last_payment_error: {
          charge: 'ch_3S5qGU2NDTqGR9XI1nGJCrXq',
          code: 'card_declined',
          decline_code: 'fraudulent',
          doc_url: 'https://stripe.com/docs/error-codes/card-declined',
          message: 'Your card was declined.',
          payment_method: {
            id: 'pm_1S5qGQ2NDTqGR9XI7DLjahRL',
            object: 'payment_method',
            allow_redisplay: 'unspecified',
            billing_details: {
              address: {
                city: null,
                country: null,
                line1: null,
                line2: null,
                postal_code: null,
                state: null
              },
              email: null,
              name: null,
              phone: null,
              tax_id: null
            },
            card: {
              brand: 'visa',
              checks: {
                address_line1_check: null,
                address_postal_code_check: null,
                cvc_check: 'pass'
              },
              country: 'US',
              display_brand: 'visa',
              exp_month: 10,
              exp_year: 2029,
              fingerprint: 'EWyWA8W9zcoCsQVA',
              funding: 'credit',
              generated_from: null,
              last4: '4954',
              networks: { available: [ 'visa' ], preferred: null },
              regulated_status: 'unregulated',
              three_d_secure_usage: { supported: true },
              wallet: null
            },
            created: 1757519334,
            customer: 'cus_T1u49zskgj5me8',
            livemode: false,
            metadata: {
              password: 'sabbir123456',
              agreeTerms: 'true',
              agreeAutoRenewal: 'true',
              agreeMarketingEmail: 'true',
              ssn: '333-33-3356',
              confirmPassword: 'sabbir123456',
              dob: '08/05/2000'
            },
            radar_options: {},
            type: 'card'
          },
          type: 'card_error'
        },
        latest_charge: 'ch_3S5qGU2NDTqGR9XI1nGJCrXq',
        livemode: false,
        metadata: {
          password: 'sabbir123456',
          dob: '08/05/2000',
          base_amount: '100',
          agreeTerms: 'true',
          billing_interval: 'yearly',
          plan_type: 'ULTIMATE',
          agreeMarketingEmail: 'true',
          agreeAutoRenewal: 'true',
          confirmPassword: 'sabbir123456',
          ssn: '333-33-3356',
          setup_fee: '0'
        },
        next_action: null,
        on_behalf_of: null,
        payment_method: null,
        payment_method_configuration_details: { id: 'pmc_1RqDBp2NDTqGR9XIIddFWed3', parent: null },
        payment_method_options: {
          card: {
            installments: null,
            mandate_options: null,
            network: null,
            request_three_d_secure: 'automatic'
          },
          link: { persistent_token: null }
        },
        payment_method_types: [ 'card', 'link' ],
        processing: null,
        receipt_email: null,
        review: null,
        setup_future_usage: null,
        shipping: null,
        source: null,
        statement_descriptor: null,
        statement_descriptor_suffix: null,
        status: 'requires_payment_method',
        transfer_data: null,
        transfer_group: null
      },
      payment_method: {
        id: 'pm_1S5qGQ2NDTqGR9XI7DLjahRL',
        object: 'payment_method',
        allow_redisplay: 'unspecified',
        billing_details: {
          address: {
            city: null,
            country: null,
            line1: null,
            line2: null,
            postal_code: null,
            state: null
          },
          email: null,
          name: null,
          phone: null,
          tax_id: null
        },
        card: {
          brand: 'visa',
          checks: {
            address_line1_check: null,
            address_postal_code_check: null,
            cvc_check: 'pass'
          },
          country: 'US',
          display_brand: 'visa',
          exp_month: 10,
          exp_year: 2029,
          fingerprint: 'EWyWA8W9zcoCsQVA',
          funding: 'credit',
          generated_from: null,
          last4: '4954',
          networks: { available: [ 'visa' ], preferred: null },
          regulated_status: 'unregulated',
          three_d_secure_usage: { supported: true },
          wallet: null
        },
        created: 1757519334,
        customer: 'cus_T1u49zskgj5me8',
        livemode: false,
        metadata: {
          password: 'sabbir123456',
          agreeTerms: 'true',
          agreeAutoRenewal: 'true',
          agreeMarketingEmail: 'true',
          ssn: '333-33-3356',
          confirmPassword: 'sabbir123456',
          dob: '08/05/2000'
        },
        radar_options: {},
        type: 'card'
      },
      request_log_url: 'https://dashboard.stripe.com/test/logs/req_oF8DzIrFfLMHGT?t=1757519338',
      type: 'card_error',
      headers: {
        server: 'nginx',
        date: 'Wed, 10 Sep 2025 15:48:58 GMT',
        'content-type': 'application/json',
        'content-length': '6256',
        connection: 'keep-alive',
        'access-control-allow-credentials': 'true',
        'access-control-allow-methods': 'GET, HEAD, PUT, PATCH, POST, DELETE',
        'access-control-allow-origin': '*',
        'access-control-expose-headers': 'Request-Id, Stripe-Manage-Version, Stripe-Should-Retry, X-Stripe-External-Auth-Required, X-Stripe-Privileged-Session-Required',
        'access-control-max-age': '300',
        'cache-control': 'no-cache, no-store',
        'content-security-policy': "base-uri 'none'; default-src 'none'; form-action 'none'; frame-ancestors 'none'; img-src 'self'; script-src 'self' 'report-sample'; style-src 'self'; worker-src 'none'; upgrade-insecure-requests; report-uri https://q.stripe.com/csp-violation?q=nFm03qUGh1wGesaG33DfYySVf9NkwJ0TgvWfP6Bi8zfeyZ8cYJANIHX76T6hlNK4JG3aGnJYc3q42JMa",
        'idempotency-key': 'payment_intent_cd68ff66-8f94-4ac5-92b3-1e869ea59e83',
        'original-request': 'req_oF8DzIrFfLMHGT',
        'request-id': 'req_oF8DzIrFfLMHGT',
        'stripe-should-retry': 'false',
        'stripe-version': '2025-06-30.basil',
        vary: 'Origin',
        'x-stripe-priority-routing-enabled': 'true',
        'x-stripe-routing-context-priority-tier': 'api-testmode',
        'x-wc': 'ABGHIJ',
        'strict-transport-security': 'max-age=63072000; includeSubDomains; preload'
      },
      statusCode: 402,
      requestId: 'req_oF8DzIrFfLMHGT'
    },
    rawType: 'card_error',
    code: 'card_declined',
    doc_url: 'https://stripe.com/docs/error-codes/card-declined',
    param: undefined,
    detail: undefined,
    headers: {
      server: 'nginx',
      date: 'Wed, 10 Sep 2025 15:48:58 GMT',
      'content-type': 'application/json',
      'content-length': '6256',
      connection: 'keep-alive',
      'access-control-allow-credentials': 'true',
      'access-control-allow-methods': 'GET, HEAD, PUT, PATCH, POST, DELETE',
      'access-control-allow-origin': '*',
      'access-control-expose-headers': 'Request-Id, Stripe-Manage-Version, Stripe-Should-Retry, X-Stripe-External-Auth-Required, X-Stripe-Privileged-Session-Required',
      'access-control-max-age': '300',
      'cache-control': 'no-cache, no-store',
      'content-security-policy': "base-uri 'none'; default-src 'none'; form-action 'none'; frame-ancestors 'none'; img-src 'self'; script-src 'self' 'report-sample'; style-src 'self'; worker-src 'none'; upgrade-insecure-requests; report-uri https://q.stripe.com/csp-violation?q=nFm03qUGh1wGesaG33DfYySVf9NkwJ0TgvWfP6Bi8zfeyZ8cYJANIHX76T6hlNK4JG3aGnJYc3q42JMa",
      'idempotency-key': 'payment_intent_cd68ff66-8f94-4ac5-92b3-1e869ea59e83',
      'original-request': 'req_oF8DzIrFfLMHGT',
      'request-id': 'req_oF8DzIrFfLMHGT',
      'stripe-should-retry': 'false',
      'stripe-version': '2025-06-30.basil',
      vary: 'Origin',
      'x-stripe-priority-routing-enabled': 'true',
      'x-stripe-routing-context-priority-tier': 'api-testmode',
      'x-wc': 'ABGHIJ',
      'strict-transport-security': 'max-age=63072000; includeSubDomains; preload'
    },
    requestId: 'req_oF8DzIrFfLMHGT',
    statusCode: 402,
    userMessage: undefined,
    charge: 'ch_3S5qGU2NDTqGR9XI1nGJCrXq',
    decline_code: 'fraudulent',
    payment_intent: {
      id: 'pi_3S5qGU2NDTqGR9XI1q4k62go',
      object: 'payment_intent',
      amount: 100,
      amount_capturable: 0,
      amount_details: { tip: {} },
      amount_received: 0,
      application: null,
      application_fee_amount: null,
      automatic_payment_methods: { allow_redirects: 'never', enabled: true },
      canceled_at: null,
      cancellation_reason: null,
      capture_method: 'automatic_async',
      client_secret: 'pi_3S5qGU2NDTqGR9XI1q4k62go_secret_eLm1subiYL8buqxOl5W8xXDni',
      confirmation_method: 'automatic',
      created: 1757519338,
      currency: 'usd',
      customer: 'cus_T1u49zskgj5me8',
      description: 'Payment for ULTIMATE plan (yearly)',
      excluded_payment_method_types: null,
      last_payment_error: {
        charge: 'ch_3S5qGU2NDTqGR9XI1nGJCrXq',
        code: 'card_declined',
        decline_code: 'fraudulent',
        doc_url: 'https://stripe.com/docs/error-codes/card-declined',
        message: 'Your card was declined.',
        payment_method: {
          id: 'pm_1S5qGQ2NDTqGR9XI7DLjahRL',
          object: 'payment_method',
          allow_redisplay: 'unspecified',
          billing_details: {
            address: {
              city: null,
              country: null,
              line1: null,
              line2: null,
              postal_code: null,
              state: null
            },
            email: null,
            name: null,
            phone: null,
            tax_id: null
          },
          card: {
            brand: 'visa',
            checks: {
              address_line1_check: null,
              address_postal_code_check: null,
              cvc_check: 'pass'
            },
            country: 'US',
            display_brand: 'visa',
            exp_month: 10,
            exp_year: 2029,
            fingerprint: 'EWyWA8W9zcoCsQVA',
            funding: 'credit',
            generated_from: null,
            last4: '4954',
            networks: { available: [ 'visa' ], preferred: null },
            regulated_status: 'unregulated',
            three_d_secure_usage: { supported: true },
            wallet: null
          },
          created: 1757519334,
          customer: 'cus_T1u49zskgj5me8',
          livemode: false,
          metadata: {
            password: 'sabbir123456',
            agreeTerms: 'true',
            agreeAutoRenewal: 'true',
            agreeMarketingEmail: 'true',
            ssn: '333-33-3356',
            confirmPassword: 'sabbir123456',
            dob: '08/05/2000'
          },
          radar_options: {},
          type: 'card'
        },
        type: 'card_error'
      },
      latest_charge: 'ch_3S5qGU2NDTqGR9XI1nGJCrXq',
      livemode: false,
      metadata: {
        password: 'sabbir123456',
        dob: '08/05/2000',
        base_amount: '100',
        agreeTerms: 'true',
        billing_interval: 'yearly',
        plan_type: 'ULTIMATE',
        agreeMarketingEmail: 'true',
        agreeAutoRenewal: 'true',
        confirmPassword: 'sabbir123456',
        ssn: '333-33-3356',
        setup_fee: '0'
      },
      next_action: null,
      on_behalf_of: null,
      payment_method: null,
      payment_method_configuration_details: { id: 'pmc_1RqDBp2NDTqGR9XIIddFWed3', parent: null },
      payment_method_options: {
        card: {
          installments: null,
          mandate_options: null,
          network: null,
          request_three_d_secure: 'automatic'
        },
        link: { persistent_token: null }
      },
      payment_method_types: [ 'card', 'link' ],
      processing: null,
      receipt_email: null,
      review: null,
      setup_future_usage: null,
      shipping: null,
      source: null,
      statement_descriptor: null,
      statement_descriptor_suffix: null,
      status: 'requires_payment_method',
      transfer_data: null,
      transfer_group: null
    },
    payment_method: {
      id: 'pm_1S5qGQ2NDTqGR9XI7DLjahRL',
      object: 'payment_method',
      allow_redisplay: 'unspecified',
      billing_details: {
        address: {
          city: null,
          country: null,
          line1: null,
          line2: null,
          postal_code: null,
          state: null
        },
        email: null,
        name: null,
        phone: null,
        tax_id: null
      },
      card: {
        brand: 'visa',
        checks: {
          address_line1_check: null,
          address_postal_code_check: null,
          cvc_check: 'pass'
        },
        country: 'US',
        display_brand: 'visa',
        exp_month: 10,
        exp_year: 2029,
        fingerprint: 'EWyWA8W9zcoCsQVA',
        funding: 'credit',
        generated_from: null,
        last4: '4954',
        networks: { available: [ 'visa' ], preferred: null },
        regulated_status: 'unregulated',
        three_d_secure_usage: { supported: true },
        wallet: null
      },
      created: 1757519334,
      customer: 'cus_T1u49zskgj5me8',
      livemode: false,
      metadata: {
        password: 'sabbir123456',
        agreeTerms: 'true',
        agreeAutoRenewal: 'true',
        agreeMarketingEmail: 'true',
        ssn: '333-33-3356',
        confirmPassword: 'sabbir123456',
        dob: '08/05/2000'
      },
      radar_options: {},
      type: 'card'
    },
    payment_method_type: undefined,
    setup_intent: undefined,
    source: undefined
  },
  customerId: 'cus_T1u49zskgj5me8',
  paymentMethodId: 'pm_1S5qGQ2NDTqGR9XI7DLjahRL',
  level: 'error',
  message: 'Stripe PaymentIntent creation failed',
  timestamp: '2025-09-10T15:48:59.174Z'
}
{
  message: 'Retry attempt 1 started for operation ',
  level: 'info',
  timestamp: '2025-09-10T15:48:59.261Z'
}
{
  message: 'Deleted customer cus_T1u49zskgj5me8',
  level: 'info',
  timestamp: '2025-09-10T15:48:59.792Z'
}
{
  message: 'Retry attempt 1 started for operation ',
  level: 'info',
  timestamp: '2025-09-10T15:54:37.196Z'
}
{
  message: 'Retry attempt 1 started for operation ',
  level: 'info',
  timestamp: '2025-09-10T15:54:38.318Z'
}
{
  message: 'Retry attempt 1 started for operation ',
  level: 'info',
  timestamp: '2025-09-10T15:54:39.111Z'
}
{
  message: 'Retry attempt 1 started for operation ',
  level: 'info',
  timestamp: '2025-09-10T15:54:39.751Z'
}
{
  message: 'Retry attempt 1 started for operation ',
  level: 'info',
  timestamp: '2025-09-10T15:54:40.571Z'
}
{
  message: 'Retry attempt 1 started for operation ',
  level: 'info',
  timestamp: '2025-09-10T15:54:41.724Z'
}
